sku,sale_date,qty
SKU001,2026-04-04,3
SKU001,2026-04-05,3
SKU001,2026-04-06,3
SKU001,2026-04-07,2
SKU001,2026-04-08,3
SKU001,2026-04-09,2
SKU001,2026-04-10,1
SKU001,2026-04-11,3
SKU001,2026-04-12,2
SKU001,2026-04-13,3
SKU001,2026-04-14,3
SKU001,2026-04-15,3
SKU001,2026-04-16,3
SKU001,2026-04-17,1
SKU001,2026-04-18,3
SKU001,2026-04-19,1
SKU001,2026-04-20,2
SKU001,2026-04-21,2
SKU001,2026-04-22,2
SKU001,2026-04-23,2
SKU001,2026-04-24,2
SKU001,2026-04-25,1
SKU001,2026-04-26,3
SKU001,2026-04-27,1
SKU001,2026-04-28,2
SKU001,2026-04-29,3
SKU001,2026-04-30,3
SKU001,2026-05-01,2
SKU001,2026-05-02,2
SKU001,2026-05-03,2
SKU001,2026-05-04,1
SKU001,2026-05-05,2
SKU001,2026-05-06,2
SKU001,2026-05-07,3
SKU001,2026-05-08,3
SKU001,2026-05-09,3
SKU001,2026-05-10,2
SKU001,2026-05-11,3
SKU001,2026-05-13,2
SKU001,2026-05-14,3
SKU001,2026-05-15,3
SKU001,2026-05-16,3
SKU001,2026-05-17,3
SKU001,2026-05-18,2
SKU001,2026-05-19,3
SKU001,2026-05-20,2
SKU001,2026-05-21,2
SKU001,2026-05-22,3
SKU001,2026-05-23,2
SKU001,2026-05-24,2
SKU001,2026-05-25,3
SKU001,2026-05-26,1
SKU001,2026-05-27,2
SKU001,2026-05-28,2
SKU001,2026-05-29,2
SKU001,2026-06-01,3
SKU001,2026-06-02,3
SKU001,2026-06-03,1
SKU001,2026-06-04,1
SKU001,2026-06-05,2
SKU001,2026-06-06,3
SKU001,2026-06-07,1
SKU001,2026-06-08,2
SKU001,2026-06-09,2
SKU001,2026-06-10,1
SKU001,2026-06-11,2
SKU001,2026-06-12,1
SKU001,2026-06-13,1
SKU001,2026-06-14,3
SKU001,2026-06-15,1
SKU001,2026-06-16,1
SKU001,2026-06-17,3
SKU001,2026-06-18,2
SKU001,2026-06-19,2
SKU001,2026-06-20,1
SKU001,2026-06-21,3
SKU001,2026-06-22,3
SKU001,2026-06-23,2
SKU001,2026-06-24,2
SKU001,2026-06-25,2
SKU001,2026-06-26,3
SKU001,2026-06-27,3
SKU001,2026-06-28,2
SKU001,2026-06-29,2
SKU001,2026-06-30,2
SKU001,2026-07-01,3
SKU001,2026-07-02,2
SKU001,2026-07-03,1
SKU001,2026-07-04,3
SKU001,2026-07-05,2
SKU001,2026-07-06,2
SKU001,2026-07-08,2
SKU001,2026-07-09,2
SKU001,2026-07-10,3
SKU001,2026-07-11,2
SKU001,2026-07-12,1
SKU001,2026-07-13,2
SKU001,2026-07-14,1
SKU001,2026-07-15,2
SKU001,2026-07-16,2
SKU001,2026-07-17,3
SKU001,2026-07-18,2
SKU001,2026-07-19,3
SKU001,2026-07-20,3
SKU001,2026-07-21,1
SKU001,2026-07-22,2
SKU001,2026-07-23,2
SKU001,2026-07-24,2
SKU001,2026-07-25,2
SKU001,2026-07-26,1
SKU001,2026-07-27,3
SKU001,2026-07-28,2
SKU001,2026-07-29,2
SKU001,2026-07-30,1
SKU001,2026-07-31,3
SKU001,2026-08-01,2
SKU001,2026-08-02,3
SKU001,2026-08-03,3
SKU001,2026-08-04,2
SKU001,2026-08-05,3
SKU001,2026-08-06,3
SKU001,2026-08-07,2
SKU001,2026-08-08,2
SKU001,2026-08-09,2
SKU001,2026-08-10,2
SKU001,2026-08-11,2
SKU001,2026-08-12,1
SKU001,2026-08-13,3
SKU001,2026-08-14,3
SKU001,2026-08-15,2
SKU001,2026-08-16,1
SKU001,2026-08-17,3
SKU001,2026-08-18,3
SKU001,2026-08-19,2
SKU001,2026-08-20,2
SKU001,2026-08-21,2
SKU001,2026-08-22,3
SKU001,2026-08-23,3
SKU001,2026-08-24,3
SKU001,2026-08-25,3
SKU001,2026-08-26,3
SKU001,2026-08-27,2
SKU001,2026-08-28,1
SKU001,2026-08-29,2
SKU001,2026-08-30,2
SKU001,2026-08-31,1
SKU001,2026-09-01,1
SKU001,2026-09-02,2
SKU001,2026-09-03,1
SKU001,2026-09-04,1
SKU001,2026-09-05,3
SKU001,2026-09-06,2
SKU001,2026-09-07,3
SKU001,2026-09-08,3
SKU001,2026-09-09,1
SKU001,2026-09-10,3
SKU001,2026-09-11,2
SKU001,2026-09-12,2
SKU001,2026-09-13,1
SKU001,2026-09-14,3
SKU001,2026-09-15,2
SKU001,2026-09-16,3
SKU001,2026-09-17,2
SKU001,2026-09-18,3
SKU001,2026-09-19,2
SKU001,2026-09-20,3
SKU001,2026-09-21,2
SKU001,2026-09-22,1
SKU001,2026-09-23,2
SKU001,2026-09-24,2
SKU001,2026-09-25,2
SKU001,2026-09-26,3
SKU001,2026-09-27,1
SKU001,2026-09-28,1
SKU001,2026-09-29,2
SKU001,2026-09-30,3
SKU002,2026-04-04,3
SKU002,2026-04-05,3
SKU002,2026-04-06,3
SKU002,2026-04-07,3
SKU002,2026-04-08,3
SKU002,2026-04-09,3
SKU002,2026-04-10,3
SKU002,2026-04-11,3
SKU002,2026-04-12,3
SKU002,2026-04-13,3
SKU002,2026-04-14,3
SKU002,2026-04-15,3
SKU002,2026-04-16,3
SKU002,2026-04-17,3
SKU002,2026-04-18,3
SKU002,2026-04-19,3
SKU002,2026-04-20,3
SKU002,2026-04-21,3
SKU002,2026-04-22,3
SKU002,2026-04-23,3
SKU002,2026-04-24,3
SKU002,2026-04-25,3
SKU002,2026-04-26,3
SKU002,2026-04-27,3
SKU002,2026-04-28,3
SKU002,2026-04-29,3
SKU002,2026-04-30,3
SKU002,2026-05-01,3
SKU002,2026-05-02,3
SKU002,2026-05-03,3
SKU002,2026-05-04,3
SKU002,2026-05-05,3
SKU002,2026-05-06,3
SKU002,2026-05-07,3
SKU002,2026-05-08,3
SKU002,2026-05-09,3
SKU002,2026-05-10,3
SKU002,2026-05-11,3
SKU002,2026-05-12,3
SKU002,2026-05-13,3
SKU002,2026-05-14,3
SKU002,2026-05-15,3
SKU002,2026-05-16,3
SKU002,2026-05-17,3
SKU002,2026-05-18,3
SKU002,2026-05-19,3
SKU002,2026-05-20,3
SKU002,2026-05-21,3
SKU002,2026-05-22,3
SKU002,2026-05-23,3
SKU002,2026-05-24,3
SKU002,2026-05-25,3
SKU002,2026-05-26,3
SKU002,2026-05-27,3
SKU002,2026-05-28,3
SKU002,2026-05-29,3
SKU002,2026-05-30,3
SKU002,2026-05-31,3
SKU002,2026-06-01,3
SKU002,2026-06-02,3
SKU002,2026-06-03,3
SKU002,2026-06-04,3
SKU002,2026-06-05,3
SKU002,2026-06-06,3
SKU002,2026-06-07,3
SKU002,2026-06-08,3
SKU002,2026-06-09,3
SKU002,2026-06-10,3
SKU002,2026-06-11,3
SKU002,2026-06-12,3
SKU002,2026-06-13,3
SKU002,2026-06-14,3
SKU002,2026-06-15,3
SKU002,2026-06-16,3
SKU002,2026-06-17,3
SKU002,2026-06-18,3
SKU002,2026-06-19,3
SKU002,2026-06-20,3
SKU002,2026-06-21,3
SKU002,2026-06-22,3
SKU002,2026-06-23,3
SKU002,2026-06-24,3
SKU002,2026-06-25,3
SKU002,2026-06-26,3
SKU002,2026-06-27,3
SKU002,2026-06-28,3
SKU002,2026-06-29,3
SKU002,2026-06-30,3
SKU002,2026-07-01,3
SKU002,2026-07-02,3
SKU002,2026-07-03,3
SKU002,2026-07-04,3
SKU002,2026-07-05,3
SKU002,2026-07-06,3
SKU002,2026-07-07,3
SKU002,2026-07-08,3
SKU002,2026-07-09,3
SKU002,2026-07-10,3
SKU002,2026-07-11,3
SKU002,2026-07-12,3
SKU002,2026-07-13,3
SKU002,2026-07-14,3
SKU002,2026-07-15,3
SKU002,2026-07-16,3
SKU002,2026-07-17,3
SKU002,2026-07-18,3
SKU002,2026-07-19,3
SKU002,2026-07-20,3
SKU002,2026-07-21,3
SKU002,2026-07-22,3
SKU002,2026-07-23,3
SKU002,2026-07-24,3
SKU002,2026-07-25,3
SKU002,2026-07-26,3
SKU002,2026-07-27,3
SKU002,2026-07-28,3
SKU002,2026-07-29,3
SKU002,2026-07-30,3
SKU002,2026-07-31,3
SKU002,2026-08-01,3
SKU002,2026-08-02,3
SKU002,2026-08-03,3
SKU002,2026-08-04,3
SKU002,2026-08-05,3
SKU002,2026-08-06,3
SKU002,2026-08-07,3
SKU002,2026-08-08,3
SKU002,2026-08-09,3
SKU002,2026-08-10,3
SKU002,2026-08-11,3
SKU002,2026-08-12,3
SKU002,2026-08-13,3
SKU002,2026-08-14,3
SKU002,2026-08-15,3
SKU002,2026-08-16,3
SKU002,2026-08-17,3
SKU002,2026-08-18,3
SKU002,2026-08-19,3
SKU002,2026-08-20,3
SKU002,2026-08-21,3
SKU002,2026-08-22,3
SKU002,2026-08-23,3
SKU002,2026-08-24,3
SKU002,2026-08-25,3
SKU002,2026-08-26,3
SKU002,2026-08-27,3
SKU002,2026-08-28,3
SKU002,2026-08-29,3
SKU002,2026-08-30,3
SKU002,2026-08-31,3
SKU002,2026-09-01,3
SKU002,2026-09-02,3
SKU002,2026-09-03,3
SKU002,2026-09-04,3
SKU002,2026-09-05,3
SKU002,2026-09-06,3
SKU002,2026-09-07,3
SKU002,2026-09-08,3
SKU002,2026-09-09,3
SKU002,2026-09-10,3
SKU002,2026-09-11,3
SKU002,2026-09-12,3
SKU002,2026-09-13,3
SKU002,2026-09-14,3
SKU002,2026-09-15,3
SKU002,2026-09-16,3
SKU002,2026-09-17,3
SKU002,2026-09-18,3
SKU002,2026-09-19,3
SKU002,2026-09-20,3
SKU002,2026-09-21,3
SKU002,2026-09-22,3
SKU002,2026-09-23,3
SKU002,2026-09-24,3
SKU002,2026-09-25,3
SKU002,2026-09-26,3
SKU002,2026-09-27,3
SKU002,2026-09-28,3
SKU002,2026-09-29,3
SKU002,2026-09-30,3
SKU003,2026-04-04,1
SKU003,2026-04-05,3
SKU003,2026-04-06,2
SKU003,2026-04-07,1
SKU003,2026-04-08,2
SKU003,2026-04-09,3
SKU003,2026-04-10,3
SKU003,2026-04-11,3
SKU003,2026-04-12,2
SKU003,2026-04-13,3
SKU003,2026-04-14,3
SKU003,2026-04-15,3
SKU003,2026-04-16,2
SKU003,2026-04-17,2
SKU003,2026-04-18,2
SKU003,2026-04-19,3
SKU003,2026-04-20,2
SKU003,2026-04-21,1
SKU003,2026-04-22,2
SKU003,2026-04-23,3
SKU003,2026-04-24,1
SKU003,2026-04-25,1
SKU003,2026-04-26,2
SKU003,2026-04-27,2
SKU003,2026-04-28,2
SKU003,2026-04-29,2
SKU003,2026-05-01,3
SKU003,2026-05-02,2
SKU003,2026-05-03,1
SKU003,2026-05-04,3
SKU003,2026-05-05,3
SKU003,2026-05-06,2
SKU003,2026-05-07,3
SKU003,2026-05-08,3
SKU003,2026-05-09,1
SKU003,2026-05-10,2
SKU003,2026-05-11,1
SKU003,2026-05-12,2
SKU003,2026-05-13,2
SKU003,2026-05-14,1
SKU003,2026-05-15,2
SKU003,2026-05-16,2
SKU003,2026-05-17,3
SKU003,2026-05-18,2
SKU003,2026-05-20,3
SKU003,2026-05-21,1
SKU003,2026-05-22,3
SKU003,2026-05-23,2
SKU003,2026-05-24,2
SKU003,2026-05-25,3
SKU003,2026-05-26,2
SKU003,2026-05-27,2
SKU003,2026-05-28,1
SKU003,2026-05-29,3
SKU003,2026-05-30,1
SKU003,2026-05-31,1
SKU003,2026-06-01,2
SKU003,2026-06-02,3
SKU003,2026-06-04,3
SKU003,2026-06-05,3
SKU003,2026-06-06,2
SKU003,2026-06-07,2
SKU003,2026-06-08,3
SKU003,2026-06-09,2
SKU003,2026-06-10,3
SKU003,2026-06-11,3
SKU003,2026-06-12,3
SKU003,2026-06-13,3
SKU003,2026-06-14,1
SKU003,2026-06-16,3
SKU003,2026-06-17,1
SKU003,2026-06-18,2
SKU003,2026-06-19,3
SKU003,2026-06-20,3
SKU003,2026-06-21,2
SKU003,2026-06-22,2
SKU003,2026-06-23,2
SKU003,2026-06-24,2
SKU003,2026-06-25,2
SKU003,2026-06-26,2
SKU003,2026-06-27,2
SKU003,2026-06-28,2
SKU003,2026-06-29,3
SKU003,2026-06-30,3
SKU003,2026-07-01,2
SKU003,2026-07-02,2
SKU003,2026-07-03,2
SKU003,2026-07-04,2
SKU003,2026-07-05,1
SKU003,2026-07-06,2
SKU003,2026-07-07,2
SKU003,2026-07-08,1
SKU003,2026-07-09,2
SKU003,2026-07-10,3
SKU003,2026-07-11,2
SKU003,2026-07-12,2
SKU003,2026-07-13,2
SKU003,2026-07-14,1
SKU003,2026-07-15,3
SKU003,2026-07-16,2
SKU003,2026-07-17,3
SKU003,2026-07-18,3
SKU003,2026-07-20,2
SKU003,2026-07-21,1
SKU003,2026-07-22,2
SKU003,2026-07-23,2
SKU003,2026-07-24,1
SKU003,2026-07-25,1
SKU003,2026-07-26,1
SKU003,2026-07-27,3
SKU003,2026-07-28,2
SKU003,2026-07-29,1
SKU003,2026-07-30,3
SKU003,2026-07-31,2
SKU003,2026-08-01,3
SKU003,2026-08-02,3
SKU003,2026-08-03,2
SKU003,2026-08-04,3
SKU003,2026-08-05,3
SKU003,2026-08-06,2
SKU003,2026-08-07,2
SKU003,2026-08-08,3
SKU003,2026-08-09,2
SKU003,2026-08-10,2
SKU003,2026-08-11,3
SKU003,2026-08-12,2
SKU003,2026-08-13,3
SKU003,2026-08-14,2
SKU003,2026-08-15,2
SKU003,2026-08-16,3
SKU003,2026-08-17,2
SKU003,2026-08-18,3
SKU003,2026-08-19,2
SKU003,2026-08-20,3
SKU003,2026-08-21,3
SKU003,2026-08-23,2
SKU003,2026-08-24,3
SKU003,2026-08-25,3
SKU003,2026-08-26,2
SKU003,2026-08-27,2
SKU003,2026-08-28,3
SKU003,2026-08-29,3
SKU003,2026-08-30,1
SKU003,2026-08-31,3
SKU003,2026-09-01,2
SKU003,2026-09-02,1
SKU003,2026-09-03,3
SKU003,2026-09-04,3
SKU003,2026-09-05,2
SKU003,2026-09-06,2
SKU003,2026-09-07,3
SKU003,2026-09-08,2
SKU003,2026-09-09,3
SKU003,2026-09-10,3
SKU003,2026-09-11,2
SKU003,2026-09-12,1
SKU003,2026-09-13,2
SKU003,2026-09-14,2
SKU003,2026-09-15,3
SKU003,2026-09-16,2
SKU003,2026-09-17,1
SKU003,2026-09-18,3
SKU003,2026-09-19,2
SKU003,2026-09-20,2
SKU003,2026-09-21,3
SKU003,2026-09-22,2
SKU003,2026-09-23,2
SKU003,2026-09-24,2
SKU003,2026-09-25,3
SKU003,2026-09-26,1
SKU003,2026-09-27,2
SKU003,2026-09-28,2
SKU003,2026-09-29,3
SKU003,2026-09-30,1
SKU004,2026-04-04,1
SKU004,2026-04-05,2
SKU004,2026-04-06,1
SKU004,2026-04-07,2
SKU004,2026-04-08,1
SKU004,2026-04-09,1
SKU004,2026-04-10,2
SKU004,2026-04-12,2
SKU004,2026-04-14,1
SKU004,2026-04-15,1
SKU004,2026-04-16,1
SKU004,2026-04-18,2
SKU004,2026-04-19,1
SKU004,2026-04-20,1
SKU004,2026-04-22,1
SKU004,2026-04-24,2
SKU004,2026-04-25,1
SKU004,2026-04-26,1
SKU004,2026-04-27,1
SKU004,2026-04-28,1
SKU004,2026-04-29,1
SKU004,2026-04-30,1
SKU004,2026-05-02,1
SKU004,2026-05-03,2
SKU004,2026-05-04,2
SKU004,2026-05-05,2
SKU004,2026-05-06,2
SKU004,2026-05-07,1
SKU004,2026-05-08,1
SKU004,2026-05-09,2
SKU004,2026-05-11,1
SKU004,2026-05-13,2
SKU004,2026-05-14,3
SKU004,2026-05-15,1
SKU004,2026-05-17,2
SKU004,2026-05-18,2
SKU004,2026-05-20,1
SKU004,2026-05-21,1
SKU004,2026-05-22,3
SKU004,2026-05-23,1
SKU004,2026-05-24,1
SKU004,2026-05-26,2
SKU004,2026-05-27,1
SKU004,2026-05-28,1
SKU004,2026-05-29,3
SKU004,2026-05-30,2
SKU004,2026-05-31,2
SKU004,2026-06-01,2
SKU004,2026-06-02,1
SKU004,2026-06-03,1
SKU004,2026-06-04,1
SKU004,2026-06-06,1
SKU004,2026-06-07,2
SKU004,2026-06-08,1
SKU004,2026-06-09,2
SKU004,2026-06-10,3
SKU004,2026-06-11,2
SKU004,2026-06-12,1
SKU004,2026-06-13,2
SKU004,2026-06-14,1
SKU004,2026-06-15,2
SKU004,2026-06-16,2
SKU004,2026-06-17,1
SKU004,2026-06-18,2
SKU004,2026-06-19,1
SKU004,2026-06-20,2
SKU004,2026-06-21,2
SKU004,2026-06-22,1
SKU004,2026-06-23,1
SKU004,2026-06-24,2
SKU004,2026-06-25,2
SKU004,2026-06-26,1
SKU004,2026-06-27,2
SKU004,2026-06-29,2
SKU004,2026-06-30,2
SKU004,2026-07-01,1
SKU004,2026-07-02,1
SKU004,2026-07-04,2
SKU004,2026-07-05,3
SKU004,2026-07-06,1
SKU004,2026-07-07,1
SKU004,2026-07-09,2
SKU004,2026-07-10,1
SKU004,2026-07-12,1
SKU004,2026-07-13,2
SKU004,2026-07-14,2
SKU004,2026-07-15,2
SKU004,2026-07-16,2
SKU004,2026-07-18,1
SKU004,2026-07-19,2
SKU004,2026-07-20,2
SKU004,2026-07-21,2
SKU004,2026-07-22,1
SKU004,2026-07-23,1
SKU004,2026-07-24,2
SKU004,2026-07-25,1
SKU004,2026-07-26,1
SKU004,2026-07-27,2
SKU004,2026-07-29,1
SKU004,2026-07-31,1
SKU004,2026-08-01,2
SKU004,2026-08-02,1
SKU004,2026-08-03,1
SKU004,2026-08-05,1
SKU004,2026-08-06,1
SKU004,2026-08-07,1
SKU004,2026-08-08,1
SKU004,2026-08-09,1
SKU004,2026-08-10,2
SKU004,2026-08-12,1
SKU004,2026-08-13,3
SKU004,2026-08-14,3
SKU004,2026-08-15,2
SKU004,2026-08-17,1
SKU004,2026-08-19,2
SKU004,2026-08-20,2
SKU004,2026-08-21,2
SKU004,2026-08-22,1
SKU004,2026-08-23,1
SKU004,2026-08-24,2
SKU004,2026-08-25,1
SKU004,2026-08-26,2
SKU004,2026-08-27,2
SKU004,2026-08-28,1
SKU004,2026-08-29,2
SKU004,2026-09-02,1
SKU004,2026-09-03,1
SKU004,2026-09-05,1
SKU004,2026-09-06,1
SKU004,2026-09-08,2
SKU004,2026-09-09,2
SKU004,2026-09-11,3
SKU004,2026-09-12,1
SKU004,2026-09-13,1
SKU004,2026-09-14,1
SKU004,2026-09-15,1
SKU004,2026-09-16,1
SKU004,2026-09-19,2
SKU004,2026-09-20,1
SKU004,2026-09-21,1
SKU004,2026-09-22,2
SKU004,2026-09-25,1
SKU004,2026-09-26,2
SKU004,2026-09-28,1
SKU004,2026-09-30,3
SKU005,2026-04-04,2
SKU005,2026-04-05,3
SKU005,2026-04-06,3
SKU005,2026-04-07,3
SKU005,2026-04-08,2
SKU005,2026-04-09,3
SKU005,2026-04-10,3
SKU005,2026-04-11,1
SKU005,2026-04-12,3
SKU005,2026-04-13,3
SKU005,2026-04-14,2
SKU005,2026-04-15,3
SKU005,2026-04-16,3
SKU005,2026-04-17,3
SKU005,2026-04-18,3
SKU005,2026-04-19,1
SKU005,2026-04-20,3
SKU005,2026-04-21,3
SKU005,2026-04-22,3
SKU005,2026-04-23,3
SKU005,2026-04-24,2
SKU005,2026-04-25,3
SKU005,2026-04-26,1
SKU005,2026-04-27,3
SKU005,2026-04-28,3
SKU005,2026-04-29,2
SKU005,2026-04-30,3
SKU005,2026-05-01,2
SKU005,2026-05-02,2
SKU005,2026-05-03,2
SKU005,2026-05-04,2
SKU005,2026-05-05,3
SKU005,2026-05-06,2
SKU005,2026-05-07,3
SKU005,2026-05-08,3
SKU005,2026-05-09,3
SKU005,2026-05-10,3
SKU005,2026-05-11,3
SKU005,2026-05-12,2
SKU005,2026-05-13,1
SKU005,2026-05-14,2
SKU005,2026-05-15,3
SKU005,2026-05-16,3
SKU005,2026-05-17,2
SKU005,2026-05-18,3
SKU005,2026-05-19,3
SKU005,2026-05-20,3
SKU005,2026-05-21,2
SKU005,2026-05-22,1
SKU005,2026-05-23,3
SKU005,2026-05-24,2
SKU005,2026-05-25,2
SKU005,2026-05-26,2
SKU005,2026-05-27,2
SKU005,2026-05-28,2
SKU005,2026-05-29,3
SKU005,2026-05-30,1
SKU005,2026-05-31,3
SKU005,2026-06-01,3
SKU005,2026-06-02,3
SKU005,2026-06-03,3
SKU005,2026-06-04,2
SKU005,2026-06-05,3
SKU005,2026-06-06,2
SKU005,2026-06-07,2
SKU005,2026-06-08,2
SKU005,2026-06-09,2
SKU005,2026-06-10,2
SKU005,2026-06-11,3
SKU005,2026-06-12,2
SKU005,2026-06-13,2
SKU005,2026-06-14,2
SKU005,2026-06-15,3
SKU005,2026-06-16,2
SKU005,2026-06-17,3
SKU005,2026-06-18,2
SKU005,2026-06-19,2
SKU005,2026-06-20,2
SKU005,2026-06-21,3
SKU005,2026-06-22,2
SKU005,2026-06-23,3
SKU005,2026-06-24,3
SKU005,2026-06-25,3
SKU005,2026-06-26,3
SKU005,2026-06-27,3
SKU005,2026-06-28,3
SKU005,2026-06-29,2
SKU005,2026-06-30,2
SKU005,2026-07-01,2
SKU005,2026-07-02,3
SKU005,2026-07-03,2
SKU005,2026-07-04,2
SKU005,2026-07-05,3
SKU005,2026-07-06,3
SKU005,2026-07-07,2
SKU005,2026-07-08,3
SKU005,2026-07-09,2
SKU005,2026-07-10,3
SKU005,2026-07-11,3
SKU005,2026-07-12,3
SKU005,2026-07-13,3
SKU005,2026-07-14,3
SKU005,2026-07-15,2
SKU005,2026-07-16,2
SKU005,2026-07-17,3
SKU005,2026-07-18,3
SKU005,2026-07-19,2
SKU005,2026-07-20,2
SKU005,2026-07-21,1
SKU005,2026-07-22,2
SKU005,2026-07-23,3
SKU005,2026-07-24,2
SKU005,2026-07-25,3
SKU005,2026-07-26,2
SKU005,2026-07-27,2
SKU005,2026-07-28,3
SKU005,2026-07-29,2
SKU005,2026-07-30,3
SKU005,2026-07-31,2
SKU005,2026-08-01,2
SKU005,2026-08-02,2
SKU005,2026-08-03,3
SKU005,2026-08-04,3
SKU005,2026-08-05,3
SKU005,2026-08-06,3
SKU005,2026-08-07,2
SKU005,2026-08-08,3
SKU005,2026-08-09,3
SKU005,2026-08-10,2
SKU005,2026-08-11,2
SKU005,2026-08-12,3
SKU005,2026-08-13,2
SKU005,2026-08-14,3
SKU005,2026-08-15,2
SKU005,2026-08-16,2
SKU005,2026-08-17,3
SKU005,2026-08-18,3
SKU005,2026-08-19,3
SKU005,2026-08-20,1
SKU005,2026-08-21,3
SKU005,2026-08-22,2
SKU005,2026-08-23,1
SKU005,2026-08-24,3
SKU005,2026-08-25,2
SKU005,2026-08-26,3
SKU005,2026-08-27,3
SKU005,2026-08-28,2
SKU005,2026-08-29,3
SKU005,2026-08-30,1
SKU005,2026-08-31,3
SKU005,2026-09-01,2
SKU005,2026-09-02,2
SKU005,2026-09-03,3
SKU005,2026-09-04,3
SKU005,2026-09-05,2
SKU005,2026-09-06,3
SKU005,2026-09-07,2
SKU005,2026-09-08,2
SKU005,2026-09-09,3
SKU005,2026-09-10,3
SKU005,2026-09-11,1
SKU005,2026-09-12,2
SKU005,2026-09-13,2
SKU005,2026-09-14,2
SKU005,2026-09-15,3
SKU005,2026-09-16,2
SKU005,2026-09-17,2
SKU005,2026-09-18,2
SKU005,2026-09-19,2
SKU005,2026-09-20,3
SKU005,2026-09-21,3
SKU005,2026-09-22,2
SKU005,2026-09-23,2
SKU005,2026-09-24,3
SKU005,2026-09-25,2
SKU005,2026-09-26,3
SKU005,2026-09-27,2
SKU005,2026-09-28,3
SKU005,2026-09-29,2
SKU005,2026-09-30,2
SKU006,2026-04-04,3
SKU006,2026-04-05,3
SKU006,2026-04-06,3
SKU006,2026-04-07,3
SKU006,2026-04-08,3
SKU006,2026-04-09,3
SKU006,2026-04-10,3
SKU006,2026-04-11,3
SKU006,2026-04-12,3
SKU006,2026-04-13,3
SKU006,2026-04-14,3
SKU006,2026-04-15,3
SKU006,2026-04-16,3
SKU006,2026-04-17,3
SKU006,2026-04-18,3
SKU006,2026-04-19,3
SKU006,2026-04-20,3
SKU006,2026-04-21,3
SKU006,2026-04-22,3
SKU006,2026-04-23,3
SKU006,2026-04-24,3
SKU006,2026-04-25,3
SKU006,2026-04-26,3
SKU006,2026-04-27,3
SKU006,2026-04-28,3
SKU006,2026-04-29,3
SKU006,2026-04-30,3
SKU006,2026-05-01,3
SKU006,2026-05-02,3
SKU006,2026-05-03,3
SKU006,2026-05-04,3
SKU006,2026-05-05,3
SKU006,2026-05-06,3
SKU006,2026-05-07,3
SKU006,2026-05-08,3
SKU006,2026-05-09,3
SKU006,2026-05-10,3
SKU006,2026-05-11,3
SKU006,2026-05-12,3
SKU006,2026-05-13,3
SKU006,2026-05-14,3
SKU006,2026-05-15,3
SKU006,2026-05-16,3
SKU006,2026-05-17,3
SKU006,2026-05-18,3
SKU006,2026-05-19,3
SKU006,2026-05-20,3
SKU006,2026-05-21,3
SKU006,2026-05-22,3
SKU006,2026-05-23,3
SKU006,2026-05-24,3
SKU006,2026-05-25,3
SKU006,2026-05-26,3
SKU006,2026-05-27,3
SKU006,2026-05-28,3
SKU006,2026-05-29,3
SKU006,2026-05-30,3
SKU006,2026-05-31,3
SKU006,2026-06-01,3
SKU006,2026-06-02,3
SKU006,2026-06-03,3
SKU006,2026-06-04,3
SKU006,2026-06-05,3
SKU006,2026-06-06,3
SKU006,2026-06-07,3
SKU006,2026-06-08,3
SKU006,2026-06-09,3
SKU006,2026-06-10,3
SKU006,2026-06-11,3
SKU006,2026-06-12,3
SKU006,2026-06-13,3
SKU006,2026-06-14,3
SKU006,2026-06-15,3
SKU006,2026-06-16,3
SKU006,2026-06-17,3
SKU006,2026-06-18,3
SKU006,2026-06-19,3
SKU006,2026-06-20,3
SKU006,2026-06-21,3
SKU006,2026-06-22,3
SKU006,2026-06-23,3
SKU006,2026-06-24,3
SKU006,2026-06-25,3
SKU006,2026-06-26,3
SKU006,2026-06-27,3
SKU006,2026-06-28,3
SKU006,2026-06-29,3
SKU006,2026-06-30,3
SKU006,2026-07-01,3
SKU006,2026-07-02,3
SKU006,2026-07-03,3
SKU006,2026-07-04,3
SKU006,2026-07-05,3
SKU006,2026-07-06,3
SKU006,2026-07-07,3
SKU006,2026-07-08,3
SKU006,2026-07-09,3
SKU006,2026-07-10,3
SKU006,2026-07-11,3
SKU006,2026-07-12,3
SKU006,2026-07-13,3
SKU006,2026-07-14,3
SKU006,2026-07-15,3
SKU006,2026-07-16,3
SKU006,2026-07-17,3
SKU006,2026-07-18,3
SKU006,2026-07-19,3
SKU006,2026-07-20,3
SKU006,2026-07-21,3
SKU006,2026-07-22,3
SKU006,2026-07-23,3
SKU006,2026-07-24,3
SKU006,2026-07-25,3
SKU006,2026-07-26,3
SKU006,2026-07-27,3
SKU006,2026-07-28,3
SKU006,2026-07-29,3
SKU006,2026-07-30,3
SKU006,2026-07-31,3
SKU006,2026-08-01,3
SKU006,2026-08-02,3
SKU006,2026-08-03,3
SKU006,2026-08-04,3
SKU006,2026-08-05,3
SKU006,2026-08-06,3
SKU006,2026-08-07,3
SKU006,2026-08-08,3
SKU006,2026-08-09,3
SKU006,2026-08-10,3
SKU006,2026-08-11,3
SKU006,2026-08-12,3
SKU006,2026-08-13,3
SKU006,2026-08-14,3
SKU006,2026-08-15,3
SKU006,2026-08-16,3
SKU006,2026-08-17,3
SKU006,2026-08-18,3
SKU006,2026-08-19,3
SKU006,2026-08-20,3
SKU006,2026-08-21,3
SKU006,2026-08-22,3
SKU006,2026-08-23,3
SKU006,2026-08-24,3
SKU006,2026-08-25,3
SKU006,2026-08-26,3
SKU006,2026-08-27,3
SKU006,2026-08-28,3
SKU006,2026-08-29,3
SKU006,2026-08-30,3
SKU006,2026-08-31,3
SKU006,2026-09-01,3
SKU006,2026-09-02,3
SKU006,2026-09-03,3
SKU006,2026-09-04,3
SKU006,2026-09-05,3
SKU006,2026-09-06,3
SKU006,2026-09-07,3
SKU006,2026-09-08,3
SKU006,2026-09-09,3
SKU006,2026-09-10,3
SKU006,2026-09-11,3
SKU006,2026-09-12,3
SKU006,2026-09-13,3
SKU006,2026-09-14,3
SKU006,2026-09-15,3
SKU006,2026-09-16,3
SKU006,2026-09-17,3
SKU006,2026-09-18,3
SKU006,2026-09-19,3
SKU006,2026-09-20,3
SKU006,2026-09-21,3
SKU006,2026-09-22,3
SKU006,2026-09-23,3
SKU006,2026-09-24,3
SKU006,2026-09-25,3
SKU006,2026-09-26,3
SKU006,2026-09-27,3
SKU006,2026-09-28,3
SKU006,2026-09-29,3
SKU006,2026-09-30,3
SKU007,2026-04-04,2
SKU007,2026-04-05,2
SKU007,2026-04-06,3
SKU007,2026-04-07,3
SKU007,2026-04-08,3
SKU007,2026-04-09,3
SKU007,2026-04-10,3
SKU007,2026-04-11,3
SKU007,2026-04-12,3
SKU007,2026-04-13,2
SKU007,2026-04-14,3
SKU007,2026-04-15,3
SKU007,2026-04-16,2
SKU007,2026-04-17,3
SKU007,2026-04-18,3
SKU007,2026-04-19,3
SKU007,2026-04-20,3
SKU007,2026-04-21,3
SKU007,2026-04-22,3
SKU007,2026-04-23,3
SKU007,2026-04-24,3
SKU007,2026-04-25,3
SKU007,2026-04-26,3
SKU007,2026-04-27,3
SKU007,2026-04-28,3
SKU007,2026-04-29,3
SKU007,2026-04-30,3
SKU007,2026-05-01,3
SKU007,2026-05-02,3
SKU007,2026-05-03,2
SKU007,2026-05-04,1
SKU007,2026-05-05,3
SKU007,2026-05-06,3
SKU007,2026-05-07,3
SKU007,2026-05-08,3
SKU007,2026-05-09,2
SKU007,2026-05-10,3
SKU007,2026-05-11,3
SKU007,2026-05-12,3
SKU007,2026-05-13,3
SKU007,2026-05-14,3
SKU007,2026-05-15,3
SKU007,2026-05-16,3
SKU007,2026-05-17,2
SKU007,2026-05-18,3
SKU007,2026-05-19,3
SKU007,2026-05-20,3
SKU007,2026-05-21,2
SKU007,2026-05-22,3
SKU007,2026-05-23,3
SKU007,2026-05-24,3
SKU007,2026-05-25,3
SKU007,2026-05-26,2
SKU007,2026-05-27,3
SKU007,2026-05-28,3
SKU007,2026-05-29,3
SKU007,2026-05-30,3
SKU007,2026-05-31,3
SKU007,2026-06-01,2
SKU007,2026-06-02,3
SKU007,2026-06-03,3
SKU007,2026-06-04,3
SKU007,2026-06-05,3
SKU007,2026-06-06,2
SKU007,2026-06-07,3
SKU007,2026-06-08,3
SKU007,2026-06-09,2
SKU007,2026-06-10,3
SKU007,2026-06-11,2
SKU007,2026-06-12,2
SKU007,2026-06-13,3
SKU007,2026-06-14,3
SKU007,2026-06-15,3
SKU007,2026-06-16,2
SKU007,2026-06-17,3
SKU007,2026-06-18,3
SKU007,2026-06-19,3
SKU007,2026-06-20,3
SKU007,2026-06-21,3
SKU007,2026-06-22,2
SKU007,2026-06-23,3
SKU007,2026-06-24,2
SKU007,2026-06-25,3
SKU007,2026-06-26,3
SKU007,2026-06-27,3
SKU007,2026-06-28,2
SKU007,2026-06-29,3
SKU007,2026-06-30,3
SKU007,2026-07-01,3
SKU007,2026-07-02,3
SKU007,2026-07-03,2
SKU007,2026-07-04,3
SKU007,2026-07-05,3
SKU007,2026-07-06,3
SKU007,2026-07-07,3
SKU007,2026-07-08,2
SKU007,2026-07-09,2
SKU007,2026-07-10,2
SKU007,2026-07-11,2
SKU007,2026-07-12,2
SKU007,2026-07-13,3
SKU007,2026-07-14,2
SKU007,2026-07-15,2
SKU007,2026-07-16,2
SKU007,2026-07-17,3
SKU007,2026-07-18,3
SKU007,2026-07-19,3
SKU007,2026-07-20,2
SKU007,2026-07-21,2
SKU007,2026-07-22,3
SKU007,2026-07-23,3
SKU007,2026-07-24,2
SKU007,2026-07-25,3
SKU007,2026-07-26,2
SKU007,2026-07-27,3
SKU007,2026-07-28,3
SKU007,2026-07-29,3
SKU007,2026-07-30,3
SKU007,2026-07-31,3
SKU007,2026-08-01,3
SKU007,2026-08-02,3
SKU007,2026-08-03,3
SKU007,2026-08-04,2
SKU007,2026-08-05,3
SKU007,2026-08-06,3
SKU007,2026-08-07,2
SKU007,2026-08-08,3
SKU007,2026-08-09,3
SKU007,2026-08-10,3
SKU007,2026-08-11,3
SKU007,2026-08-12,3
SKU007,2026-08-13,2
SKU007,2026-08-14,2
SKU007,2026-08-15,3
SKU007,2026-08-16,3
SKU007,2026-08-17,3
SKU007,2026-08-18,3
SKU007,2026-08-19,3
SKU007,2026-08-20,1
SKU007,2026-08-21,3
SKU007,2026-08-22,3
SKU007,2026-08-23,3
SKU007,2026-08-24,2
SKU007,2026-08-25,3
SKU007,2026-08-26,3
SKU007,2026-08-27,2
SKU007,2026-08-28,3
SKU007,2026-08-29,2
SKU007,2026-08-30,3
SKU007,2026-08-31,3
SKU007,2026-09-01,1
SKU007,2026-09-02,3
SKU007,2026-09-03,2
SKU007,2026-09-04,3
SKU007,2026-09-05,3
SKU007,2026-09-06,2
SKU007,2026-09-07,3
SKU007,2026-09-08,2
SKU007,2026-09-09,3
SKU007,2026-09-10,3
SKU007,2026-09-11,3
SKU007,2026-09-12,2
SKU007,2026-09-13,3
SKU007,2026-09-14,3
SKU007,2026-09-15,3
SKU007,2026-09-16,3
SKU007,2026-09-17,3
SKU007,2026-09-18,3
SKU007,2026-09-19,3
SKU007,2026-09-20,3
SKU007,2026-09-21,3
SKU007,2026-09-22,3
SKU007,2026-09-23,3
SKU007,2026-09-24,3
SKU007,2026-09-25,3
SKU007,2026-09-26,3
SKU007,2026-09-27,3
SKU007,2026-09-28,3
SKU007,2026-09-29,2
SKU007,2026-09-30,3
SKU008,2026-04-04,2
SKU008,2026-04-05,2
SKU008,2026-04-06,2
SKU008,2026-04-07,3
SKU008,2026-04-08,1
SKU008,2026-04-09,2
SKU008,2026-04-10,1
SKU008,2026-04-11,3
SKU008,2026-04-12,2
SKU008,2026-04-13,2
SKU008,2026-04-14,1
SKU008,2026-04-15,2
SKU008,2026-04-16,2
SKU008,2026-04-17,2
SKU008,2026-04-18,2
SKU008,2026-04-19,2
SKU008,2026-04-20,2
SKU008,2026-04-21,3
SKU008,2026-04-22,1
SKU008,2026-04-23,3
SKU008,2026-04-24,3
SKU008,2026-04-25,2
SKU008,2026-04-26,2
SKU008,2026-04-27,1
SKU008,2026-04-28,3
SKU008,2026-04-29,3
SKU008,2026-04-30,1
SKU008,2026-05-01,3
SKU008,2026-05-02,3
SKU008,2026-05-03,1
SKU008,2026-05-04,3
SKU008,2026-05-05,3
SKU008,2026-05-06,2
SKU008,2026-05-07,3
SKU008,2026-05-08,3
SKU008,2026-05-09,2
SKU008,2026-05-10,3
SKU008,2026-05-11,2
SKU008,2026-05-12,3
SKU008,2026-05-13,2
SKU008,2026-05-14,2
SKU008,2026-05-15,3
SKU008,2026-05-16,3
SKU008,2026-05-17,3
SKU008,2026-05-18,3
SKU008,2026-05-19,1
SKU008,2026-05-20,3
SKU008,2026-05-21,3
SKU008,2026-05-22,3
SKU008,2026-05-23,1
SKU008,2026-05-24,3
SKU008,2026-05-25,1
SKU008,2026-05-26,3
SKU008,2026-05-27,2
SKU008,2026-05-28,3
SKU008,2026-05-29,2
SKU008,2026-05-30,3
SKU008,2026-05-31,2
SKU008,2026-06-01,3
SKU008,2026-06-02,3
SKU008,2026-06-03,2
SKU008,2026-06-04,3
SKU008,2026-06-05,3
SKU008,2026-06-06,2
SKU008,2026-06-07,1
SKU008,2026-06-08,3
SKU008,2026-06-09,2
SKU008,2026-06-10,2
SKU008,2026-06-11,3
SKU008,2026-06-12,2
SKU008,2026-06-13,2
SKU008,2026-06-14,2
SKU008,2026-06-15,3
SKU008,2026-06-16,3
SKU008,2026-06-17,3
SKU008,2026-06-18,3
SKU008,2026-06-19,3
SKU008,2026-06-20,1
SKU008,2026-06-21,2
SKU008,2026-06-22,2
SKU008,2026-06-23,1
SKU008,2026-06-24,3
SKU008,2026-06-25,2
SKU008,2026-06-26,3
SKU008,2026-06-27,2
SKU008,2026-06-28,2
SKU008,2026-06-29,3
SKU008,2026-06-30,2
SKU008,2026-07-01,3
SKU008,2026-07-02,2
SKU008,2026-07-03,2
SKU008,2026-07-04,3
SKU008,2026-07-05,3
SKU008,2026-07-06,1
SKU008,2026-07-07,2
SKU008,2026-07-08,2
SKU008,2026-07-09,1
SKU008,2026-07-10,3
SKU008,2026-07-11,3
SKU008,2026-07-12,3
SKU008,2026-07-13,3
SKU008,2026-07-14,1
SKU008,2026-07-15,3
SKU008,2026-07-16,3
SKU008,2026-07-17,3
SKU008,2026-07-18,3
SKU008,2026-07-19,1
SKU008,2026-07-20,3
SKU008,2026-07-21,3
SKU008,2026-07-22,3
SKU008,2026-07-23,1
SKU008,2026-07-24,2
SKU008,2026-07-25,2
SKU008,2026-07-26,3
SKU008,2026-07-27,2
SKU008,2026-07-28,2
SKU008,2026-07-29,3
SKU008,2026-07-30,3
SKU008,2026-07-31,2
SKU008,2026-08-01,2
SKU008,2026-08-02,3
SKU008,2026-08-03,3
SKU008,2026-08-04,1
SKU008,2026-08-05,2
SKU008,2026-08-06,3
SKU008,2026-08-07,3
SKU008,2026-08-08,2
SKU008,2026-08-09,3
SKU008,2026-08-10,2
SKU008,2026-08-11,2
SKU008,2026-08-12,2
SKU008,2026-08-13,3
SKU008,2026-08-14,3
SKU008,2026-08-15,1
SKU008,2026-08-16,3
SKU008,2026-08-17,3
SKU008,2026-08-18,2
SKU008,2026-08-19,2
SKU008,2026-08-20,3
SKU008,2026-08-21,1
SKU008,2026-08-22,3
SKU008,2026-08-23,2
SKU008,2026-08-24,3
SKU008,2026-08-26,3
SKU008,2026-08-27,3
SKU008,2026-08-28,3
SKU008,2026-08-29,3
SKU008,2026-08-30,3
SKU008,2026-08-31,3
SKU008,2026-09-01,3
SKU008,2026-09-02,1
SKU008,2026-09-03,2
SKU008,2026-09-04,2
SKU008,2026-09-05,3
SKU008,2026-09-06,2
SKU008,2026-09-07,1
SKU008,2026-09-08,2
SKU008,2026-09-09,1
SKU008,2026-09-10,3
SKU008,2026-09-11,3
SKU008,2026-09-12,3
SKU008,2026-09-13,1
SKU008,2026-09-14,2
SKU008,2026-09-15,3
SKU008,2026-09-16,3
SKU008,2026-09-17,3
SKU008,2026-09-18,2
SKU008,2026-09-19,2
SKU008,2026-09-20,3
SKU008,2026-09-21,3
SKU008,2026-09-22,2
SKU008,2026-09-23,3
SKU008,2026-09-24,3
SKU008,2026-09-25,2
SKU008,2026-09-26,3
SKU008,2026-09-27,1
SKU008,2026-09-28,3
SKU008,2026-09-29,1
SKU008,2026-09-30,3
SKU009,2026-04-04,3
SKU009,2026-04-05,3
SKU009,2026-04-06,3
SKU009,2026-04-07,3
SKU009,2026-04-08,3
SKU009,2026-04-09,3
SKU009,2026-04-10,3
SKU009,2026-04-11,3
SKU009,2026-04-12,3
SKU009,2026-04-13,3
SKU009,2026-04-14,3
SKU009,2026-04-15,3
SKU009,2026-04-16,3
SKU009,2026-04-17,3
SKU009,2026-04-18,3
SKU009,2026-04-19,3
SKU009,2026-04-20,3
SKU009,2026-04-21,3
SKU009,2026-04-22,3
SKU009,2026-04-23,3
SKU009,2026-04-24,3
SKU009,2026-04-25,3
SKU009,2026-04-26,3
SKU009,2026-04-27,3
SKU009,2026-04-28,3
SKU009,2026-04-29,3
SKU009,2026-04-30,3
SKU009,2026-05-01,3
SKU009,2026-05-02,3
SKU009,2026-05-03,3
SKU009,2026-05-04,3
SKU009,2026-05-05,3
SKU009,2026-05-06,3
SKU009,2026-05-07,3
SKU009,2026-05-08,3
SKU009,2026-05-09,3
SKU009,2026-05-10,3
SKU009,2026-05-11,3
SKU009,2026-05-12,3
SKU009,2026-05-13,3
SKU009,2026-05-14,3
SKU009,2026-05-15,3
SKU009,2026-05-16,3
SKU009,2026-05-17,3
SKU009,2026-05-18,3
SKU009,2026-05-19,3
SKU009,2026-05-20,3
SKU009,2026-05-21,3
SKU009,2026-05-22,3
SKU009,2026-05-23,3
SKU009,2026-05-24,3
SKU009,2026-05-25,3
SKU009,2026-05-26,3
SKU009,2026-05-27,3
SKU009,2026-05-28,3
SKU009,2026-05-29,3
SKU009,2026-05-30,3
SKU009,2026-05-31,3
SKU009,2026-06-01,3
SKU009,2026-06-02,3
SKU009,2026-06-03,3
SKU009,2026-06-04,3
SKU009,2026-06-05,3
SKU009,2026-06-06,3
SKU009,2026-06-07,3
SKU009,2026-06-08,3
SKU009,2026-06-09,3
SKU009,2026-06-10,3
SKU009,2026-06-11,3
SKU009,2026-06-12,3
SKU009,2026-06-13,3
SKU009,2026-06-14,3
SKU009,2026-06-15,3
SKU009,2026-06-16,3
SKU009,2026-06-17,3
SKU009,2026-06-18,3
SKU009,2026-06-19,3
SKU009,2026-06-20,3
SKU009,2026-06-21,3
SKU009,2026-06-22,3
SKU009,2026-06-23,3
SKU009,2026-06-24,3
SKU009,2026-06-25,3
SKU009,2026-06-26,3
SKU009,2026-06-27,3
SKU009,2026-06-28,3
SKU009,2026-06-29,3
SKU009,2026-06-30,3
SKU009,2026-07-01,3
SKU009,2026-07-02,3
SKU009,2026-07-03,3
SKU009,2026-07-04,3
SKU009,2026-07-05,3
SKU009,2026-07-06,3
SKU009,2026-07-07,3
SKU009,2026-07-08,3
SKU009,2026-07-09,3
SKU009,2026-07-10,3
SKU009,2026-07-11,3
SKU009,2026-07-12,3
SKU009,2026-07-13,3
SKU009,2026-07-14,3
SKU009,2026-07-15,3
SKU009,2026-07-16,3
SKU009,2026-07-17,3
SKU009,2026-07-18,3
SKU009,2026-07-19,3
SKU009,2026-07-20,3
SKU009,2026-07-21,3
SKU009,2026-07-22,3
SKU009,2026-07-23,3
SKU009,2026-07-24,3
SKU009,2026-07-25,3
SKU009,2026-07-26,3
SKU009,2026-07-27,3
SKU009,2026-07-28,3
SKU009,2026-07-29,3
SKU009,2026-07-30,3
SKU009,2026-07-31,3
SKU009,2026-08-01,3
SKU009,2026-08-02,3
SKU009,2026-08-03,3
SKU009,2026-08-04,3
SKU009,2026-08-05,3
SKU009,2026-08-06,3
SKU009,2026-08-07,3
SKU009,2026-08-08,3
SKU009,2026-08-09,3
SKU009,2026-08-10,3
SKU009,2026-08-11,3
SKU009,2026-08-12,3
SKU009,2026-08-13,3
SKU009,2026-08-14,3
SKU009,2026-08-15,3
SKU009,2026-08-16,3
SKU009,2026-08-17,3
SKU009,2026-08-18,3
SKU009,2026-08-19,3
SKU009,2026-08-20,3
SKU009,2026-08-21,3
SKU009,2026-08-22,3
SKU009,2026-08-23,3
SKU009,2026-08-24,3
SKU009,2026-08-25,3
SKU009,2026-08-26,3
SKU009,2026-08-27,3
SKU009,2026-08-28,3
SKU009,2026-08-29,3
SKU009,2026-08-30,3
SKU009,2026-08-31,3
SKU009,2026-09-01,3
SKU009,2026-09-02,3
SKU009,2026-09-03,3
SKU009,2026-09-04,3
SKU009,2026-09-05,3
SKU009,2026-09-06,3
SKU009,2026-09-07,3
SKU009,2026-09-08,3
SKU009,2026-09-09,3
SKU009,2026-09-10,3
SKU009,2026-09-11,3
SKU009,2026-09-12,3
SKU009,2026-09-13,3
SKU009,2026-09-14,3
SKU009,2026-09-15,3
SKU009,2026-09-16,3
SKU009,2026-09-17,3
SKU009,2026-09-18,3
SKU009,2026-09-19,3
SKU009,2026-09-20,3
SKU009,2026-09-21,3
SKU009,2026-09-22,3
SKU009,2026-09-23,3
SKU009,2026-09-24,3
SKU009,2026-09-25,3
SKU009,2026-09-26,3
SKU009,2026-09-27,3
SKU009,2026-09-28,3
SKU009,2026-09-29,3
SKU009,2026-09-30,3
SKU010,2026-04-04,3
SKU010,2026-04-05,3
SKU010,2026-04-06,3
SKU010,2026-04-07,3
SKU010,2026-04-08,3
SKU010,2026-04-09,3
SKU010,2026-04-10,3
SKU010,2026-04-11,3
SKU010,2026-04-12,3
SKU010,2026-04-13,3
SKU010,2026-04-14,3
SKU010,2026-04-15,3
SKU010,2026-04-16,3
SKU010,2026-04-17,3
SKU010,2026-04-18,3
SKU010,2026-04-19,3
SKU010,2026-04-20,3
SKU010,2026-04-21,3
SKU010,2026-04-22,3
SKU010,2026-04-23,3
SKU010,2026-04-24,3
SKU010,2026-04-25,3
SKU010,2026-04-26,3
SKU010,2026-04-27,3
SKU010,2026-04-28,3
SKU010,2026-04-29,3
SKU010,2026-04-30,3
SKU010,2026-05-01,3
SKU010,2026-05-02,3
SKU010,2026-05-03,3
SKU010,2026-05-04,3
SKU010,2026-05-05,3
SKU010,2026-05-06,3
SKU010,2026-05-07,3
SKU010,2026-05-08,3
SKU010,2026-05-09,3
SKU010,2026-05-10,3
SKU010,2026-05-11,3
SKU010,2026-05-12,3
SKU010,2026-05-13,3
SKU010,2026-05-14,3
SKU010,2026-05-15,3
SKU010,2026-05-16,3
SKU010,2026-05-17,3
SKU010,2026-05-18,3
SKU010,2026-05-19,3
SKU010,2026-05-20,3
SKU010,2026-05-21,3
SKU010,2026-05-22,3
SKU010,2026-05-23,3
SKU010,2026-05-24,3
SKU010,2026-05-25,3
SKU010,2026-05-26,3
SKU010,2026-05-27,3
SKU010,2026-05-28,3
SKU010,2026-05-29,3
SKU010,2026-05-30,3
SKU010,2026-05-31,3
SKU010,2026-06-01,3
SKU010,2026-06-02,3
SKU010,2026-06-03,3
SKU010,2026-06-04,3
SKU010,2026-06-05,3
SKU010,2026-06-06,3
SKU010,2026-06-07,3
SKU010,2026-06-08,3
SKU010,2026-06-09,3
SKU010,2026-06-10,3
SKU010,2026-06-11,3
SKU010,2026-06-12,3
SKU010,2026-06-13,3
SKU010,2026-06-14,3
SKU010,2026-06-15,3
SKU010,2026-06-16,3
SKU010,2026-06-17,3
SKU010,2026-06-18,3
SKU010,2026-06-19,3
SKU010,2026-06-20,3
SKU010,2026-06-21,3
SKU010,2026-06-22,3
SKU010,2026-06-23,3
SKU010,2026-06-24,3
SKU010,2026-06-25,3
SKU010,2026-06-26,3
SKU010,2026-06-27,3
SKU010,2026-06-28,3
SKU010,2026-06-29,3
SKU010,2026-06-30,3
SKU010,2026-07-01,3
SKU010,2026-07-02,3
SKU010,2026-07-03,3
SKU010,2026-07-04,3
SKU010,2026-07-05,3
SKU010,2026-07-06,3
SKU010,2026-07-07,3
SKU010,2026-07-08,3
SKU010,2026-07-09,3
SKU010,2026-07-10,3
SKU010,2026-07-11,3
SKU010,2026-07-12,3
SKU010,2026-07-13,3
SKU010,2026-07-14,3
SKU010,2026-07-15,3
SKU010,2026-07-16,3
SKU010,2026-07-17,3
SKU010,2026-07-18,3
SKU010,2026-07-19,3
SKU010,2026-07-20,3
SKU010,2026-07-21,3
SKU010,2026-07-22,3
SKU010,2026-07-23,3
SKU010,2026-07-24,3
SKU010,2026-07-25,3
SKU010,2026-07-26,3
SKU010,2026-07-27,3
SKU010,2026-07-28,3
SKU010,2026-07-29,3
SKU010,2026-07-30,3
SKU010,2026-07-31,3
SKU010,2026-08-01,3
SKU010,2026-08-02,3
SKU010,2026-08-03,3
SKU010,2026-08-04,3
SKU010,2026-08-05,3
SKU010,2026-08-06,3
SKU010,2026-08-07,3
SKU010,2026-08-08,3
SKU010,2026-08-09,3
SKU010,2026-08-10,3
SKU010,2026-08-11,3
SKU010,2026-08-12,3
SKU010,2026-08-13,3
SKU010,2026-08-14,3
SKU010,2026-08-15,3
SKU010,2026-08-16,3
SKU010,2026-08-17,3
SKU010,2026-08-18,3
SKU010,2026-08-19,3
SKU010,2026-08-20,3
SKU010,2026-08-21,3
SKU010,2026-08-22,3
SKU010,2026-08-23,3
SKU010,2026-08-24,3
SKU010,2026-08-25,3
SKU010,2026-08-26,3
SKU010,2026-08-27,3
SKU010,2026-08-28,3
SKU010,2026-08-29,3
SKU010,2026-08-30,3
SKU010,2026-08-31,3
SKU010,2026-09-01,3
SKU010,2026-09-02,3
SKU010,2026-09-03,3
SKU010,2026-09-04,3
SKU010,2026-09-05,3
SKU010,2026-09-06,3
SKU010,2026-09-07,3
SKU010,2026-09-08,3
SKU010,2026-09-09,3
SKU010,2026-09-10,3
SKU010,2026-09-11,3
SKU010,2026-09-12,3
SKU010,2026-09-13,3
SKU010,2026-09-14,3
SKU010,2026-09-15,3
SKU010,2026-09-16,3
SKU010,2026-09-17,3
SKU010,2026-09-18,3
SKU010,2026-09-19,3
SKU010,2026-09-20,3
SKU010,2026-09-21,3
SKU010,2026-09-22,3
SKU010,2026-09-23,3
SKU010,2026-09-24,3
SKU010,2026-09-25,3
SKU010,2026-09-26,3
SKU010,2026-09-27,3
SKU010,2026-09-28,3
SKU010,2026-09-29,3
SKU010,2026-09-30,3
SKU011,2026-04-04,2
SKU011,2026-04-05,2
SKU011,2026-04-06,2
SKU011,2026-04-07,2
SKU011,2026-04-08,3
SKU011,2026-04-09,2
SKU011,2026-04-10,2
SKU011,2026-04-11,2
SKU011,2026-04-12,3
SKU011,2026-04-13,3
SKU011,2026-04-15,1
SKU011,2026-04-16,2
SKU011,2026-04-17,3
SKU011,2026-04-18,2
SKU011,2026-04-19,3
SKU011,2026-04-20,2
SKU011,2026-04-21,1
SKU011,2026-04-22,3
SKU011,2026-04-23,2
SKU011,2026-04-24,3
SKU011,2026-04-25,3
SKU011,2026-04-26,2
SKU011,2026-04-27,3
SKU011,2026-04-28,2
SKU011,2026-04-29,2
SKU011,2026-04-30,2
SKU011,2026-05-01,3
SKU011,2026-05-02,2
SKU011,2026-05-03,2
SKU011,2026-05-04,3
SKU011,2026-05-06,2
SKU011,2026-05-07,3
SKU011,2026-05-08,3
SKU011,2026-05-09,2
SKU011,2026-05-10,2
SKU011,2026-05-11,2
SKU011,2026-05-12,2
SKU011,2026-05-13,1
SKU011,2026-05-14,2
SKU011,2026-05-15,2
SKU011,2026-05-16,2
SKU011,2026-05-17,3
SKU011,2026-05-18,2
SKU011,2026-05-19,1
SKU011,2026-05-20,2
SKU011,2026-05-21,2
SKU011,2026-05-22,3
SKU011,2026-05-23,2
SKU011,2026-05-24,2
SKU011,2026-05-25,2
SKU011,2026-05-26,2
SKU011,2026-05-27,3
SKU011,2026-05-28,2
SKU011,2026-05-29,3
SKU011,2026-05-30,3
SKU011,2026-05-31,1
SKU011,2026-06-01,2
SKU011,2026-06-02,1
SKU011,2026-06-03,2
SKU011,2026-06-04,3
SKU011,2026-06-05,1
SKU011,2026-06-06,2
SKU011,2026-06-07,2
SKU011,2026-06-08,2
SKU011,2026-06-09,2
SKU011,2026-06-10,2
SKU011,2026-06-11,2
SKU011,2026-06-12,1
SKU011,2026-06-13,2
SKU011,2026-06-14,3
SKU011,2026-06-15,3
SKU011,2026-06-16,3
SKU011,2026-06-17,2
SKU011,2026-06-18,2
SKU011,2026-06-19,2
SKU011,2026-06-21,3
SKU011,2026-06-23,3
SKU011,2026-06-24,2
SKU011,2026-06-25,3
SKU011,2026-06-26,1
SKU011,2026-06-27,2
SKU011,2026-06-28,3
SKU011,2026-06-29,3
SKU011,2026-06-30,3
SKU011,2026-07-01,3
SKU011,2026-07-02,2
SKU011,2026-07-03,3
SKU011,2026-07-04,1
SKU011,2026-07-05,2
SKU011,2026-07-06,1
SKU011,2026-07-07,3
SKU011,2026-07-08,2
SKU011,2026-07-09,3
SKU011,2026-07-10,3
SKU011,2026-07-11,2
SKU011,2026-07-12,2
SKU011,2026-07-13,3
SKU011,2026-07-14,3
SKU011,2026-07-15,2
SKU011,2026-07-16,3
SKU011,2026-07-17,2
SKU011,2026-07-18,1
SKU011,2026-07-19,2
SKU011,2026-07-20,1
SKU011,2026-07-21,2
SKU011,2026-07-22,3
SKU011,2026-07-23,2
SKU011,2026-07-24,2
SKU011,2026-07-25,3
SKU011,2026-07-26,1
SKU011,2026-07-27,3
SKU011,2026-07-28,3
SKU011,2026-07-29,2
SKU011,2026-07-30,2
SKU011,2026-07-31,3
SKU011,2026-08-01,3
SKU011,2026-08-02,3
SKU011,2026-08-03,3
SKU011,2026-08-04,2
SKU011,2026-08-05,2
SKU011,2026-08-06,3
SKU011,2026-08-07,2
SKU011,2026-08-08,1
SKU011,2026-08-09,2
SKU011,2026-08-10,3
SKU011,2026-08-11,2
SKU011,2026-08-12,3
SKU011,2026-08-13,2
SKU011,2026-08-14,3
SKU011,2026-08-15,1
SKU011,2026-08-16,3
SKU011,2026-08-17,2
SKU011,2026-08-18,3
SKU011,2026-08-19,3
SKU011,2026-08-20,3
SKU011,2026-08-21,3
SKU011,2026-08-22,3
SKU011,2026-08-23,1
SKU011,2026-08-24,2
SKU011,2026-08-25,2
SKU011,2026-08-26,2
SKU011,2026-08-27,2
SKU011,2026-08-28,3
SKU011,2026-08-30,3
SKU011,2026-08-31,1
SKU011,2026-09-01,3
SKU011,2026-09-02,1
SKU011,2026-09-03,3
SKU011,2026-09-04,3
SKU011,2026-09-05,3
SKU011,2026-09-06,3
SKU011,2026-09-07,1
SKU011,2026-09-08,2
SKU011,2026-09-09,3
SKU011,2026-09-10,2
SKU011,2026-09-11,2
SKU011,2026-09-12,2
SKU011,2026-09-13,3
SKU011,2026-09-14,3
SKU011,2026-09-15,3
SKU011,2026-09-16,1
SKU011,2026-09-17,3
SKU011,2026-09-18,3
SKU011,2026-09-19,2
SKU011,2026-09-20,2
SKU011,2026-09-21,3
SKU011,2026-09-22,3
SKU011,2026-09-23,3
SKU011,2026-09-24,1
SKU011,2026-09-25,3
SKU011,2026-09-26,1
SKU011,2026-09-27,3
SKU011,2026-09-28,3
SKU011,2026-09-29,3
SKU011,2026-09-30,2
SKU012,2026-04-04,2
SKU012,2026-04-05,1
SKU012,2026-04-07,1
SKU012,2026-04-09,1
SKU012,2026-04-10,1
SKU012,2026-04-12,1
SKU012,2026-04-13,1
SKU012,2026-04-20,1
SKU012,2026-04-24,1
SKU012,2026-04-25,2
SKU012,2026-05-03,1
SKU012,2026-05-06,1
SKU012,2026-05-08,1
SKU012,2026-05-12,1
SKU012,2026-05-13,1
SKU012,2026-05-20,1
SKU012,2026-05-22,1
SKU012,2026-05-24,1
SKU012,2026-05-25,1
SKU012,2026-05-26,2
SKU012,2026-05-28,1
SKU012,2026-05-31,1
SKU012,2026-06-06,1
SKU012,2026-06-10,1
SKU012,2026-06-14,1
SKU013,2026-04-04,1
SKU013,2026-04-05,2
SKU013,2026-04-06,1
SKU013,2026-04-07,1
SKU013,2026-04-08,3
SKU013,2026-04-09,1
SKU013,2026-04-10,2
SKU013,2026-04-11,2
SKU013,2026-04-12,2
SKU013,2026-04-13,3
SKU013,2026-04-14,2
SKU013,2026-04-15,3
SKU013,2026-04-16,2
SKU013,2026-04-17,3
SKU013,2026-04-18,3
SKU013,2026-04-19,2
SKU013,2026-04-20,3
SKU013,2026-04-21,1
SKU013,2026-04-22,2
SKU013,2026-04-23,3
SKU013,2026-04-24,2
SKU013,2026-04-25,1
SKU013,2026-04-26,3
SKU013,2026-04-27,3
SKU013,2026-04-28,2
SKU013,2026-04-29,3
SKU013,2026-04-30,2
SKU013,2026-05-01,2
SKU013,2026-05-02,2
SKU013,2026-05-03,3
SKU013,2026-05-04,1
SKU013,2026-05-05,3
SKU013,2026-05-06,2
SKU013,2026-05-07,1
SKU013,2026-05-08,2
SKU013,2026-05-09,1
SKU013,2026-05-10,2
SKU013,2026-05-11,1
SKU013,2026-05-12,1
SKU013,2026-05-13,3
SKU013,2026-05-14,2
SKU013,2026-05-15,1
SKU013,2026-05-16,2
SKU013,2026-05-17,3
SKU013,2026-05-18,2
SKU013,2026-05-19,2
SKU013,2026-05-20,2
SKU013,2026-05-21,2
SKU013,2026-05-22,3
SKU013,2026-05-23,2
SKU013,2026-05-24,2
SKU013,2026-05-25,2
SKU013,2026-05-26,3
SKU013,2026-05-27,1
SKU013,2026-05-28,1
SKU013,2026-05-29,1
SKU013,2026-05-30,3
SKU013,2026-05-31,2
SKU013,2026-06-01,2
SKU013,2026-06-02,2
SKU013,2026-06-03,3
SKU013,2026-06-04,3
SKU013,2026-06-05,3
SKU013,2026-06-06,1
SKU013,2026-06-07,1
SKU013,2026-06-08,3
SKU013,2026-06-09,2
SKU013,2026-06-10,1
SKU013,2026-06-11,2
SKU013,2026-06-12,2
SKU013,2026-06-13,3
SKU013,2026-06-14,2
SKU013,2026-06-15,2
SKU013,2026-06-16,3
SKU013,2026-06-17,2
SKU013,2026-06-18,2
SKU013,2026-06-19,2
SKU013,2026-06-20,2
SKU013,2026-06-21,2
SKU013,2026-06-22,1
SKU013,2026-06-23,2
SKU013,2026-06-25,2
SKU013,2026-06-26,1
SKU013,2026-06-27,2
SKU013,2026-06-28,1
SKU013,2026-06-29,2
SKU013,2026-06-30,2
SKU013,2026-07-01,3
SKU013,2026-07-02,1
SKU013,2026-07-04,1
SKU013,2026-07-05,2
SKU013,2026-07-06,2
SKU013,2026-07-07,2
SKU013,2026-07-08,3
SKU013,2026-07-09,1
SKU013,2026-07-10,2
SKU013,2026-07-11,3
SKU013,2026-07-12,2
SKU013,2026-07-13,2
SKU013,2026-07-15,2
SKU013,2026-07-16,3
SKU013,2026-07-17,1
SKU013,2026-07-18,3
SKU013,2026-07-19,3
SKU013,2026-07-20,2
SKU013,2026-07-21,2
SKU013,2026-07-22,3
SKU013,2026-07-23,2
SKU013,2026-07-24,1
SKU013,2026-07-25,1
SKU013,2026-07-26,2
SKU013,2026-07-27,2
SKU013,2026-07-28,1
SKU013,2026-07-29,2
SKU013,2026-07-30,1
SKU013,2026-07-31,2
SKU013,2026-08-01,2
SKU013,2026-08-02,3
SKU013,2026-08-03,2
SKU013,2026-08-04,3
SKU013,2026-08-05,3
SKU013,2026-08-06,2
SKU013,2026-08-07,2
SKU013,2026-08-08,3
SKU013,2026-08-09,3
SKU013,2026-08-10,1
SKU013,2026-08-11,3
SKU013,2026-08-12,1
SKU013,2026-08-13,1
SKU013,2026-08-14,3
SKU013,2026-08-16,2
SKU013,2026-08-17,2
SKU013,2026-08-18,2
SKU013,2026-08-19,2
SKU013,2026-08-20,1
SKU013,2026-08-21,3
SKU013,2026-08-22,1
SKU013,2026-08-23,3
SKU013,2026-08-24,3
SKU013,2026-08-25,1
SKU013,2026-08-26,1
SKU013,2026-08-27,3
SKU013,2026-08-28,3
SKU013,2026-08-29,3
SKU013,2026-08-30,3
SKU013,2026-08-31,2
SKU013,2026-09-01,3
SKU013,2026-09-02,2
SKU013,2026-09-03,2
SKU013,2026-09-04,3
SKU013,2026-09-05,2
SKU013,2026-09-06,3
SKU013,2026-09-07,1
SKU013,2026-09-08,1
SKU013,2026-09-09,2
SKU013,2026-09-10,2
SKU013,2026-09-11,2
SKU013,2026-09-12,3
SKU013,2026-09-13,2
SKU013,2026-09-14,2
SKU013,2026-09-15,3
SKU013,2026-09-16,2
SKU013,2026-09-17,3
SKU013,2026-09-18,1
SKU013,2026-09-19,1
SKU013,2026-09-20,3
SKU013,2026-09-21,2
SKU013,2026-09-22,3
SKU013,2026-09-23,1
SKU013,2026-09-24,2
SKU013,2026-09-25,2
SKU013,2026-09-26,2
SKU013,2026-09-27,2
SKU013,2026-09-28,1
SKU013,2026-09-29,3
SKU013,2026-09-30,2
SKU014,2026-04-07,1
SKU014,2026-04-10,1
SKU014,2026-04-11,2
SKU014,2026-04-23,1
SKU014,2026-04-25,1
SKU014,2026-04-28,1
SKU014,2026-04-30,1
SKU014,2026-05-03,1
SKU014,2026-05-05,1
SKU014,2026-05-10,1
SKU014,2026-05-15,1
SKU014,2026-05-17,1
SKU014,2026-05-22,1
SKU014,2026-05-23,1
SKU014,2026-05-25,1
SKU014,2026-06-03,1
SKU014,2026-06-09,1
SKU014,2026-06-16,1
SKU014,2026-06-19,1
SKU014,2026-06-21,1
SKU014,2026-06-22,1
SKU014,2026-06-25,2
SKU014,2026-06-26,2
SKU014,2026-07-05,1
SKU014,2026-07-06,1
SKU014,2026-07-12,1
SKU014,2026-07-13,1
SKU014,2026-07-22,1
SKU014,2026-07-23,1
SKU014,2026-07-24,1
SKU015,2026-04-04,3
SKU015,2026-04-05,3
SKU015,2026-04-06,3
SKU015,2026-04-07,3
SKU015,2026-04-08,3
SKU015,2026-04-09,3
SKU015,2026-04-10,3
SKU015,2026-04-11,3
SKU015,2026-04-12,3
SKU015,2026-04-13,3
SKU015,2026-04-14,3
SKU015,2026-04-15,3
SKU015,2026-04-16,3
SKU015,2026-04-17,3
SKU015,2026-04-18,3
SKU015,2026-04-19,3
SKU015,2026-04-20,3
SKU015,2026-04-21,3
SKU015,2026-04-22,3
SKU015,2026-04-23,3
SKU015,2026-04-24,3
SKU015,2026-04-25,3
SKU015,2026-04-26,3
SKU015,2026-04-27,3
SKU015,2026-04-28,3
SKU015,2026-04-29,3
SKU015,2026-04-30,3
SKU015,2026-05-01,3
SKU015,2026-05-02,3
SKU015,2026-05-03,3
SKU015,2026-05-04,3
SKU015,2026-05-05,3
SKU015,2026-05-06,3
SKU015,2026-05-07,3
SKU015,2026-05-08,3
SKU015,2026-05-09,3
SKU015,2026-05-10,3
SKU015,2026-05-11,3
SKU015,2026-05-12,3
SKU015,2026-05-13,3
SKU015,2026-05-14,3
SKU015,2026-05-15,3
SKU015,2026-05-16,3
SKU015,2026-05-17,3
SKU015,2026-05-18,3
SKU015,2026-05-19,3
SKU015,2026-05-20,3
SKU015,2026-05-21,3
SKU015,2026-05-22,3
SKU015,2026-05-23,3
SKU015,2026-05-24,3
SKU015,2026-05-25,3
SKU015,2026-05-26,3
SKU015,2026-05-27,3
SKU015,2026-05-28,3
SKU015,2026-05-29,3
SKU015,2026-05-30,3
SKU015,2026-05-31,3
SKU015,2026-06-01,3
SKU015,2026-06-02,3
SKU015,2026-06-03,3
SKU015,2026-06-04,3
SKU015,2026-06-05,3
SKU015,2026-06-06,3
SKU015,2026-06-07,3
SKU015,2026-06-08,3
SKU015,2026-06-09,3
SKU015,2026-06-10,3
SKU015,2026-06-11,3
SKU015,2026-06-12,3
SKU015,2026-06-13,3
SKU015,2026-06-14,3
SKU015,2026-06-15,3
SKU015,2026-06-16,3
SKU015,2026-06-17,3
SKU015,2026-06-18,3
SKU015,2026-06-19,3
SKU015,2026-06-20,3
SKU015,2026-06-21,3
SKU015,2026-06-22,3
SKU015,2026-06-23,3
SKU015,2026-06-24,3
SKU015,2026-06-25,3
SKU015,2026-06-26,3
SKU015,2026-06-27,3
SKU015,2026-06-28,3
SKU015,2026-06-29,3
SKU015,2026-06-30,3
SKU015,2026-07-01,3
SKU015,2026-07-02,3
SKU015,2026-07-03,3
SKU015,2026-07-04,3
SKU015,2026-07-05,3
SKU015,2026-07-06,3
SKU015,2026-07-07,3
SKU015,2026-07-08,3
SKU015,2026-07-09,3
SKU015,2026-07-10,3
SKU015,2026-07-11,3
SKU015,2026-07-12,3
SKU015,2026-07-13,3
SKU015,2026-07-14,3
SKU015,2026-07-15,3
SKU015,2026-07-16,3
SKU015,2026-07-17,3
SKU015,2026-07-18,3
SKU015,2026-07-19,3
SKU015,2026-07-20,3
SKU015,2026-07-21,3
SKU015,2026-07-22,3
SKU015,2026-07-23,3
SKU015,2026-07-24,3
SKU015,2026-07-25,3
SKU015,2026-07-26,3
SKU015,2026-07-27,3
SKU015,2026-07-28,3
SKU015,2026-07-29,3
SKU015,2026-07-30,3
SKU015,2026-07-31,3
SKU015,2026-08-01,3
SKU015,2026-08-02,3
SKU015,2026-08-03,3
SKU015,2026-08-04,3
SKU015,2026-08-05,3
SKU015,2026-08-06,3
SKU015,2026-08-07,3
SKU015,2026-08-08,3
SKU015,2026-08-09,3
SKU015,2026-08-10,3
SKU015,2026-08-11,3
SKU015,2026-08-12,3
SKU015,2026-08-13,3
SKU015,2026-08-14,3
SKU015,2026-08-15,3
SKU015,2026-08-16,3
SKU015,2026-08-17,3
SKU015,2026-08-18,3
SKU015,2026-08-19,3
SKU015,2026-08-20,3
SKU015,2026-08-21,3
SKU015,2026-08-22,3
SKU015,2026-08-23,3
SKU015,2026-08-24,3
SKU015,2026-08-25,3
SKU015,2026-08-26,3
SKU015,2026-08-27,3
SKU015,2026-08-28,3
SKU015,2026-08-29,3
SKU015,2026-08-30,3
SKU015,2026-08-31,3
SKU015,2026-09-01,3
SKU015,2026-09-02,3
SKU015,2026-09-03,3
SKU015,2026-09-04,3
SKU015,2026-09-05,3
SKU015,2026-09-06,3
SKU015,2026-09-07,3
SKU015,2026-09-08,3
SKU015,2026-09-09,3
SKU015,2026-09-10,3
SKU015,2026-09-11,3
SKU015,2026-09-12,3
SKU015,2026-09-13,3
SKU015,2026-09-14,3
SKU015,2026-09-15,3
SKU015,2026-09-16,3
SKU015,2026-09-17,3
SKU015,2026-09-18,3
SKU015,2026-09-19,3
SKU015,2026-09-20,3
SKU015,2026-09-21,3
SKU015,2026-09-22,3
SKU015,2026-09-23,3
SKU015,2026-09-24,3
SKU015,2026-09-25,3
SKU015,2026-09-26,3
SKU015,2026-09-27,3
SKU015,2026-09-28,3
SKU015,2026-09-29,3
SKU015,2026-09-30,3
SKU016,2026-04-06,1
SKU016,2026-04-08,1
SKU016,2026-04-09,1
SKU016,2026-04-10,1
SKU016,2026-04-12,2
SKU016,2026-04-15,1
SKU016,2026-04-17,1
SKU016,2026-04-18,1
SKU016,2026-04-19,1
SKU016,2026-04-21,1
SKU016,2026-04-23,1
SKU016,2026-04-25,1
SKU016,2026-05-01,1
SKU016,2026-05-03,1
SKU016,2026-05-04,1
SKU016,2026-05-10,2
SKU016,2026-05-17,1
SKU016,2026-05-19,1
SKU016,2026-05-23,1
SKU016,2026-05-24,1
SKU016,2026-05-26,1
SKU016,2026-05-27,1
SKU016,2026-05-31,1
SKU016,2026-06-01,2
SKU016,2026-06-04,1
SKU016,2026-06-11,2
SKU016,2026-06-12,1
SKU016,2026-06-18,1
SKU016,2026-06-19,1
SKU016,2026-06-25,1
SKU016,2026-07-01,2
SKU016,2026-07-08,1
SKU016,2026-07-10,1
SKU016,2026-07-15,1
SKU016,2026-07-19,1
SKU016,2026-07-23,1
SKU016,2026-07-26,2
SKU016,2026-07-27,1
SKU017,2026-04-05,1
SKU017,2026-04-09,1
SKU017,2026-04-10,1
SKU017,2026-04-11,3
SKU017,2026-04-13,1
SKU017,2026-04-15,1
SKU017,2026-04-16,1
SKU017,2026-04-18,1
SKU017,2026-04-27,2
SKU017,2026-04-28,2
SKU017,2026-04-29,1
SKU017,2026-05-03,1
SKU017,2026-05-05,1
SKU017,2026-05-06,1
SKU017,2026-05-14,1
SKU017,2026-05-16,2
SKU017,2026-05-17,1
SKU017,2026-05-18,1
SKU017,2026-05-20,1
SKU017,2026-05-21,1
SKU017,2026-05-25,1
SKU017,2026-05-30,2
SKU017,2026-06-01,1
SKU017,2026-06-02,1
SKU017,2026-06-03,1
SKU017,2026-06-04,2
SKU017,2026-06-05,1
SKU017,2026-06-07,1
SKU018,2026-04-04,1
SKU018,2026-04-05,2
SKU018,2026-04-07,1
SKU018,2026-04-09,1
SKU018,2026-04-10,1
SKU018,2026-04-11,1
SKU018,2026-04-14,1
SKU018,2026-04-16,2
SKU018,2026-04-18,1
SKU018,2026-04-19,1
SKU018,2026-04-22,1
SKU018,2026-04-24,1
SKU018,2026-04-25,1
SKU018,2026-04-29,1
SKU018,2026-05-02,1
SKU018,2026-05-03,1
SKU018,2026-05-04,1
SKU018,2026-05-05,1
SKU018,2026-05-09,2
SKU018,2026-05-10,1
SKU018,2026-05-11,1
SKU018,2026-05-13,1
SKU018,2026-05-15,1
SKU018,2026-05-16,2
SKU018,2026-05-17,2
SKU018,2026-05-18,1
SKU018,2026-05-19,1
SKU018,2026-05-23,1
SKU019,2026-04-04,3
SKU019,2026-04-05,3
SKU019,2026-04-06,3
SKU019,2026-04-07,3
SKU019,2026-04-08,3
SKU019,2026-04-09,3
SKU019,2026-04-10,3
SKU019,2026-04-11,3
SKU019,2026-04-12,3
SKU019,2026-04-13,3
SKU019,2026-04-14,3
SKU019,2026-04-15,3
SKU019,2026-04-16,3
SKU019,2026-04-17,3
SKU019,2026-04-18,3
SKU019,2026-04-19,3
SKU019,2026-04-20,3
SKU019,2026-04-21,3
SKU019,2026-04-22,3
SKU019,2026-04-23,3
SKU019,2026-04-24,3
SKU019,2026-04-25,3
SKU019,2026-04-26,3
SKU019,2026-04-27,3
SKU019,2026-04-28,3
SKU019,2026-04-29,3
SKU019,2026-04-30,3
SKU019,2026-05-01,3
SKU019,2026-05-02,3
SKU019,2026-05-03,3
SKU019,2026-05-04,3
SKU019,2026-05-05,3
SKU019,2026-05-06,3
SKU019,2026-05-07,3
SKU019,2026-05-08,3
SKU019,2026-05-09,3
SKU019,2026-05-10,3
SKU019,2026-05-11,3
SKU019,2026-05-12,3
SKU019,2026-05-13,3
SKU019,2026-05-14,3
SKU019,2026-05-15,3
SKU019,2026-05-16,3
SKU019,2026-05-17,3
SKU019,2026-05-18,3
SKU019,2026-05-19,3
SKU019,2026-05-20,3
SKU019,2026-05-21,3
SKU019,2026-05-22,3
SKU019,2026-05-23,3
SKU019,2026-05-24,3
SKU019,2026-05-25,3
SKU019,2026-05-26,3
SKU019,2026-05-27,3
SKU019,2026-05-28,3
SKU019,2026-05-29,3
SKU019,2026-05-30,3
SKU019,2026-05-31,3
SKU019,2026-06-01,3
SKU019,2026-06-02,3
SKU019,2026-06-03,3
SKU019,2026-06-04,3
SKU019,2026-06-05,3
SKU019,2026-06-06,3
SKU019,2026-06-07,3
SKU019,2026-06-08,3
SKU019,2026-06-09,3
SKU019,2026-06-10,3
SKU019,2026-06-11,3
SKU019,2026-06-12,3
SKU019,2026-06-13,3
SKU019,2026-06-14,3
SKU019,2026-06-15,3
SKU019,2026-06-16,3
SKU019,2026-06-17,3
SKU019,2026-06-18,3
SKU019,2026-06-19,3
SKU019,2026-06-20,3
SKU019,2026-06-21,3
SKU019,2026-06-22,3
SKU019,2026-06-23,3
SKU019,2026-06-24,3
SKU019,2026-06-25,3
SKU019,2026-06-26,3
SKU019,2026-06-27,3
SKU019,2026-06-28,3
SKU019,2026-06-29,3
SKU019,2026-06-30,3
SKU019,2026-07-01,3
SKU019,2026-07-02,3
SKU019,2026-07-03,3
SKU019,2026-07-04,3
SKU019,2026-07-05,3
SKU019,2026-07-06,3
SKU019,2026-07-07,3
SKU019,2026-07-08,3
SKU019,2026-07-09,3
SKU019,2026-07-10,3
SKU019,2026-07-11,3
SKU019,2026-07-12,3
SKU019,2026-07-13,3
SKU019,2026-07-14,3
SKU019,2026-07-15,3
SKU019,2026-07-16,3
SKU019,2026-07-17,3
SKU019,2026-07-18,3
SKU019,2026-07-19,3
SKU019,2026-07-20,3
SKU019,2026-07-21,3
SKU019,2026-07-22,3
SKU019,2026-07-23,3
SKU019,2026-07-24,3
SKU019,2026-07-25,3
SKU019,2026-07-26,3
SKU019,2026-07-27,3
SKU019,2026-07-28,3
SKU019,2026-07-29,3
SKU019,2026-07-30,3
SKU019,2026-07-31,3
SKU019,2026-08-01,3
SKU019,2026-08-02,3
SKU019,2026-08-03,3
SKU019,2026-08-04,3
SKU019,2026-08-05,3
SKU019,2026-08-06,3
SKU019,2026-08-07,3
SKU019,2026-08-08,3
SKU019,2026-08-09,3
SKU019,2026-08-10,3
SKU019,2026-08-11,3
SKU019,2026-08-12,3
SKU019,2026-08-13,3
SKU019,2026-08-14,3
SKU019,2026-08-15,3
SKU019,2026-08-16,3
SKU019,2026-08-17,3
SKU019,2026-08-18,3
SKU019,2026-08-19,3
SKU019,2026-08-20,3
SKU019,2026-08-21,3
SKU019,2026-08-22,3
SKU019,2026-08-23,3
SKU019,2026-08-24,3
SKU019,2026-08-25,3
SKU019,2026-08-26,3
SKU019,2026-08-27,3
SKU019,2026-08-28,3
SKU019,2026-08-29,3
SKU019,2026-08-30,3
SKU019,2026-08-31,3
SKU019,2026-09-01,3
SKU019,2026-09-02,3
SKU019,2026-09-03,3
SKU019,2026-09-04,3
SKU019,2026-09-05,3
SKU019,2026-09-06,3
SKU019,2026-09-07,3
SKU019,2026-09-08,3
SKU019,2026-09-09,3
SKU019,2026-09-10,3
SKU019,2026-09-11,3
SKU019,2026-09-12,3
SKU019,2026-09-13,3
SKU019,2026-09-14,3
SKU019,2026-09-15,3
SKU019,2026-09-16,3
SKU019,2026-09-17,3
SKU019,2026-09-18,3
SKU019,2026-09-19,3
SKU019,2026-09-20,3
SKU019,2026-09-21,3
SKU019,2026-09-22,3
SKU019,2026-09-23,3
SKU019,2026-09-24,3
SKU019,2026-09-25,3
SKU019,2026-09-26,3
SKU019,2026-09-27,3
SKU019,2026-09-28,3
SKU019,2026-09-29,3
SKU019,2026-09-30,3
SKU020,2026-04-04,1
SKU020,2026-04-05,1
SKU020,2026-04-06,1
SKU020,2026-04-07,1
SKU020,2026-04-08,1
SKU020,2026-04-09,1
SKU020,2026-04-13,1
SKU021,2026-04-04,2
SKU021,2026-04-05,3
SKU021,2026-04-07,3
SKU021,2026-04-08,2
SKU021,2026-04-09,1
SKU021,2026-04-10,2
SKU021,2026-04-11,3
SKU021,2026-04-12,1
SKU021,2026-04-13,3
SKU021,2026-04-14,3
SKU021,2026-04-15,2
SKU021,2026-04-16,2
SKU021,2026-04-17,2
SKU021,2026-04-18,1
SKU021,2026-04-19,3
SKU021,2026-04-20,2
SKU021,2026-04-21,3
SKU021,2026-04-22,2
SKU021,2026-04-23,3
SKU021,2026-04-24,3
SKU021,2026-04-25,3
SKU021,2026-04-26,1
SKU021,2026-04-27,3
SKU021,2026-04-28,3
SKU021,2026-04-29,3
SKU021,2026-04-30,3
SKU021,2026-05-01,3
SKU021,2026-05-02,2
SKU021,2026-05-03,1
SKU021,2026-05-04,3
SKU021,2026-05-05,2
SKU021,2026-05-06,1
SKU021,2026-05-07,2
SKU021,2026-05-08,2
SKU021,2026-05-09,2
SKU021,2026-05-10,1
SKU021,2026-05-11,2
SKU021,2026-05-12,3
SKU021,2026-05-13,2
SKU021,2026-05-14,2
SKU021,2026-05-15,1
SKU021,2026-05-16,2
SKU021,2026-05-17,2
SKU021,2026-05-18,2
SKU021,2026-05-19,2
SKU021,2026-05-20,1
SKU021,2026-05-21,1
SKU021,2026-05-22,2
SKU021,2026-05-23,3
SKU021,2026-05-24,1
SKU021,2026-05-25,2
SKU021,2026-05-26,2
SKU021,2026-05-27,1
SKU021,2026-05-28,3
SKU021,2026-05-29,1
SKU021,2026-05-30,2
SKU021,2026-05-31,1
SKU021,2026-06-01,1
SKU021,2026-06-02,1
SKU021,2026-06-03,2
SKU021,2026-06-04,1
SKU021,2026-06-05,3
SKU021,2026-06-06,3
SKU021,2026-06-07,2
SKU021,2026-06-08,2
SKU021,2026-06-09,1
SKU021,2026-06-10,2
SKU021,2026-06-11,2
SKU021,2026-06-12,2
SKU021,2026-06-13,3
SKU021,2026-06-14,1
SKU021,2026-06-15,2
SKU021,2026-06-16,3
SKU021,2026-06-17,2
SKU021,2026-06-18,3
SKU021,2026-06-19,1
SKU021,2026-06-20,2
SKU021,2026-06-21,3
SKU021,2026-06-22,2
SKU021,2026-06-23,2
SKU021,2026-06-25,2
SKU021,2026-06-26,2
SKU021,2026-06-28,3
SKU021,2026-06-29,1
SKU021,2026-06-30,2
SKU021,2026-07-01,3
SKU021,2026-07-02,1
SKU021,2026-07-03,3
SKU021,2026-07-04,3
SKU021,2026-07-05,3
SKU021,2026-07-06,1
SKU021,2026-07-07,1
SKU021,2026-07-08,3
SKU021,2026-07-09,2
SKU021,2026-07-10,1
SKU021,2026-07-11,3
SKU021,2026-07-12,2
SKU021,2026-07-13,3
SKU021,2026-07-14,2
SKU021,2026-07-15,3
SKU021,2026-07-16,1
SKU021,2026-07-17,1
SKU021,2026-07-18,1
SKU021,2026-07-19,2
SKU021,2026-07-21,2
SKU021,2026-07-22,2
SKU021,2026-07-23,1
SKU021,2026-07-24,2
SKU021,2026-07-25,3
SKU021,2026-07-26,3
SKU021,2026-07-27,2
SKU021,2026-07-28,1
SKU021,2026-07-29,1
SKU021,2026-07-31,2
SKU021,2026-08-01,1
SKU021,2026-08-02,3
SKU021,2026-08-03,2
SKU021,2026-08-04,2
SKU021,2026-08-05,1
SKU021,2026-08-06,1
SKU021,2026-08-08,2
SKU021,2026-08-09,1
SKU021,2026-08-10,2
SKU021,2026-08-11,2
SKU021,2026-08-12,1
SKU021,2026-08-13,3
SKU021,2026-08-14,2
SKU021,2026-08-15,2
SKU021,2026-08-16,3
SKU021,2026-08-17,2
SKU021,2026-08-18,1
SKU021,2026-08-19,2
SKU021,2026-08-20,1
SKU021,2026-08-21,2
SKU021,2026-08-22,1
SKU021,2026-08-23,1
SKU021,2026-08-24,1
SKU021,2026-08-25,2
SKU021,2026-08-26,1
SKU021,2026-08-27,1
SKU021,2026-08-28,2
SKU021,2026-08-29,2
SKU021,2026-08-30,3
SKU021,2026-08-31,3
SKU021,2026-09-01,2
SKU021,2026-09-02,3
SKU021,2026-09-03,2
SKU021,2026-09-04,2
SKU021,2026-09-05,2
SKU021,2026-09-06,2
SKU021,2026-09-07,3
SKU021,2026-09-08,2
SKU021,2026-09-09,2
SKU021,2026-09-10,3
SKU021,2026-09-11,1
SKU021,2026-09-12,2
SKU021,2026-09-13,2
SKU021,2026-09-14,2
SKU021,2026-09-15,1
SKU021,2026-09-16,2
SKU021,2026-09-17,2
SKU021,2026-09-18,3
SKU021,2026-09-19,1
SKU021,2026-09-20,2
SKU021,2026-09-21,1
SKU021,2026-09-22,2
SKU021,2026-09-23,3
SKU021,2026-09-24,1
SKU021,2026-09-25,2
SKU021,2026-09-26,2
SKU021,2026-09-27,2
SKU021,2026-09-28,2
SKU021,2026-09-29,2
SKU021,2026-09-30,3
SKU022,2026-04-04,3
SKU022,2026-04-05,3
SKU022,2026-04-06,3
SKU022,2026-04-07,3
SKU022,2026-04-08,3
SKU022,2026-04-09,3
SKU022,2026-04-10,3
SKU022,2026-04-11,3
SKU022,2026-04-12,3
SKU022,2026-04-13,3
SKU022,2026-04-14,3
SKU022,2026-04-15,3
SKU022,2026-04-16,3
SKU022,2026-04-17,3
SKU022,2026-04-18,3
SKU022,2026-04-19,3
SKU022,2026-04-20,3
SKU022,2026-04-21,3
SKU022,2026-04-22,3
SKU022,2026-04-23,3
SKU022,2026-04-24,3
SKU022,2026-04-25,3
SKU022,2026-04-26,3
SKU022,2026-04-27,3
SKU022,2026-04-28,3
SKU022,2026-04-29,3
SKU022,2026-04-30,3
SKU022,2026-05-01,3
SKU022,2026-05-02,3
SKU022,2026-05-03,3
SKU022,2026-05-04,3
SKU022,2026-05-05,3
SKU022,2026-05-06,3
SKU022,2026-05-07,3
SKU022,2026-05-08,3
SKU022,2026-05-09,3
SKU022,2026-05-10,3
SKU022,2026-05-11,3
SKU022,2026-05-12,3
SKU022,2026-05-13,3
SKU022,2026-05-14,3
SKU022,2026-05-15,3
SKU022,2026-05-16,3
SKU022,2026-05-17,3
SKU022,2026-05-18,3
SKU022,2026-05-19,3
SKU022,2026-05-20,3
SKU022,2026-05-21,3
SKU022,2026-05-22,3
SKU022,2026-05-23,3
SKU022,2026-05-24,3
SKU022,2026-05-25,3
SKU022,2026-05-26,3
SKU022,2026-05-27,3
SKU022,2026-05-28,3
SKU022,2026-05-29,3
SKU022,2026-05-30,3
SKU022,2026-05-31,3
SKU022,2026-06-01,3
SKU022,2026-06-02,3
SKU022,2026-06-03,3
SKU022,2026-06-04,3
SKU022,2026-06-05,3
SKU022,2026-06-06,3
SKU022,2026-06-07,3
SKU022,2026-06-08,3
SKU022,2026-06-09,3
SKU022,2026-06-10,3
SKU022,2026-06-11,3
SKU022,2026-06-12,3
SKU022,2026-06-13,3
SKU022,2026-06-14,3
SKU022,2026-06-15,3
SKU022,2026-06-16,3
SKU022,2026-06-17,3
SKU022,2026-06-18,3
SKU022,2026-06-19,3
SKU022,2026-06-20,3
SKU022,2026-06-21,3
SKU022,2026-06-22,3
SKU022,2026-06-23,3
SKU022,2026-06-24,3
SKU022,2026-06-25,3
SKU022,2026-06-26,3
SKU022,2026-06-27,3
SKU022,2026-06-28,3
SKU022,2026-06-29,3
SKU022,2026-06-30,3
SKU022,2026-07-01,3
SKU022,2026-07-02,3
SKU022,2026-07-03,3
SKU022,2026-07-04,3
SKU022,2026-07-05,3
SKU022,2026-07-06,3
SKU022,2026-07-07,3
SKU022,2026-07-08,3
SKU022,2026-07-09,3
SKU022,2026-07-10,3
SKU022,2026-07-11,3
SKU022,2026-07-12,3
SKU022,2026-07-13,3
SKU022,2026-07-14,3
SKU022,2026-07-15,3
SKU022,2026-07-16,3
SKU022,2026-07-17,3
SKU022,2026-07-18,3
SKU022,2026-07-19,3
SKU022,2026-07-20,3
SKU022,2026-07-21,3
SKU022,2026-07-22,3
SKU022,2026-07-23,3
SKU022,2026-07-24,3
SKU022,2026-07-25,3
SKU022,2026-07-26,3
SKU022,2026-07-27,3
SKU022,2026-07-28,3
SKU022,2026-07-29,3
SKU022,2026-07-30,3
SKU022,2026-07-31,3
SKU022,2026-08-01,3
SKU022,2026-08-02,3
SKU022,2026-08-03,3
SKU022,2026-08-04,3
SKU022,2026-08-05,3
SKU022,2026-08-06,3
SKU022,2026-08-07,3
SKU022,2026-08-08,3
SKU022,2026-08-09,3
SKU022,2026-08-10,3
SKU022,2026-08-11,3
SKU022,2026-08-12,3
SKU022,2026-08-13,3
SKU022,2026-08-14,3
SKU022,2026-08-15,3
SKU022,2026-08-16,3
SKU022,2026-08-17,3
SKU022,2026-08-18,3
SKU022,2026-08-19,3
SKU022,2026-08-20,3
SKU022,2026-08-21,3
SKU022,2026-08-22,3
SKU022,2026-08-23,3
SKU022,2026-08-24,3
SKU022,2026-08-25,3
SKU022,2026-08-26,3
SKU022,2026-08-27,3
SKU022,2026-08-28,3
SKU022,2026-08-29,3
SKU022,2026-08-30,3
SKU022,2026-08-31,3
SKU022,2026-09-01,3
SKU022,2026-09-02,3
SKU022,2026-09-03,3
SKU022,2026-09-04,3
SKU022,2026-09-05,3
SKU022,2026-09-06,3
SKU022,2026-09-07,3
SKU022,2026-09-08,3
SKU022,2026-09-09,3
SKU022,2026-09-10,3
SKU022,2026-09-11,3
SKU022,2026-09-12,3
SKU022,2026-09-13,3
SKU022,2026-09-14,3
SKU022,2026-09-15,3
SKU022,2026-09-16,3
SKU022,2026-09-17,3
SKU022,2026-09-18,3
SKU022,2026-09-19,3
SKU022,2026-09-20,3
SKU022,2026-09-21,3
SKU022,2026-09-22,3
SKU022,2026-09-23,3
SKU022,2026-09-24,3
SKU022,2026-09-25,3
SKU022,2026-09-26,3
SKU022,2026-09-27,3
SKU022,2026-09-28,3
SKU022,2026-09-29,3
SKU022,2026-09-30,3
SKU023,2026-04-10,1
SKU023,2026-04-11,2
SKU023,2026-04-13,1
SKU023,2026-04-14,1
SKU023,2026-04-15,1
SKU023,2026-04-16,2
SKU023,2026-04-18,1
SKU023,2026-04-19,1
SKU023,2026-04-20,1
SKU023,2026-04-22,1
SKU023,2026-04-24,1
SKU023,2026-04-26,1
SKU023,2026-04-27,2
SKU023,2026-04-28,2
SKU023,2026-04-30,2
SKU023,2026-05-01,1
SKU023,2026-05-03,1
SKU023,2026-05-05,2
SKU023,2026-05-06,1
SKU023,2026-05-07,1
SKU023,2026-05-08,1
SKU023,2026-05-09,1
SKU023,2026-05-11,2
SKU023,2026-05-13,1
SKU023,2026-05-14,1
SKU023,2026-05-15,3
SKU023,2026-05-16,1
SKU023,2026-05-18,1
SKU023,2026-05-21,1
SKU023,2026-05-22,2
SKU023,2026-05-23,1
SKU023,2026-05-24,2
SKU023,2026-05-26,1
SKU023,2026-05-27,1
SKU023,2026-05-28,1
SKU023,2026-05-30,1
SKU023,2026-06-01,2
SKU023,2026-06-02,1
SKU023,2026-06-04,1
SKU023,2026-06-06,1
SKU023,2026-06-09,1
SKU023,2026-06-10,1
SKU023,2026-06-11,2
SKU023,2026-06-12,1
SKU023,2026-06-13,1
SKU023,2026-06-14,2
SKU023,2026-06-16,2
SKU023,2026-06-20,1
SKU023,2026-06-21,1
SKU023,2026-06-22,1
SKU023,2026-06-24,2
SKU024,2026-04-04,3
SKU024,2026-04-05,3
SKU024,2026-04-06,3
SKU024,2026-04-07,3
SKU024,2026-04-08,3
SKU024,2026-04-09,3
SKU024,2026-04-10,3
SKU024,2026-04-11,3
SKU024,2026-04-12,3
SKU024,2026-04-13,3
SKU024,2026-04-14,3
SKU024,2026-04-15,3
SKU024,2026-04-16,3
SKU024,2026-04-17,3
SKU024,2026-04-18,3
SKU024,2026-04-19,3
SKU024,2026-04-20,3
SKU024,2026-04-21,3
SKU024,2026-04-22,3
SKU024,2026-04-23,3
SKU024,2026-04-24,3
SKU024,2026-04-25,3
SKU024,2026-04-26,3
SKU024,2026-04-27,3
SKU024,2026-04-28,3
SKU024,2026-04-29,3
SKU024,2026-04-30,3
SKU024,2026-05-01,3
SKU024,2026-05-02,3
SKU024,2026-05-03,3
SKU024,2026-05-04,3
SKU024,2026-05-05,3
SKU024,2026-05-06,3
SKU024,2026-05-07,3
SKU024,2026-05-08,3
SKU024,2026-05-09,3
SKU024,2026-05-10,3
SKU024,2026-05-11,3
SKU024,2026-05-12,3
SKU024,2026-05-13,3
SKU024,2026-05-14,3
SKU024,2026-05-15,3
SKU024,2026-05-16,3
SKU024,2026-05-17,3
SKU024,2026-05-18,3
SKU024,2026-05-19,3
SKU024,2026-05-20,3
SKU024,2026-05-21,3
SKU024,2026-05-22,3
SKU024,2026-05-23,3
SKU024,2026-05-24,3
SKU024,2026-05-25,3
SKU024,2026-05-26,3
SKU024,2026-05-27,3
SKU024,2026-05-28,3
SKU024,2026-05-29,3
SKU024,2026-05-30,3
SKU024,2026-05-31,3
SKU024,2026-06-01,3
SKU024,2026-06-02,3
SKU024,2026-06-03,3
SKU024,2026-06-04,3
SKU024,2026-06-05,3
SKU024,2026-06-06,3
SKU024,2026-06-07,3
SKU024,2026-06-08,3
SKU024,2026-06-09,3
SKU024,2026-06-10,3
SKU024,2026-06-11,3
SKU024,2026-06-12,3
SKU024,2026-06-13,3
SKU024,2026-06-14,3
SKU024,2026-06-15,3
SKU024,2026-06-16,3
SKU024,2026-06-17,3
SKU024,2026-06-18,3
SKU024,2026-06-19,3
SKU024,2026-06-20,3
SKU024,2026-06-21,3
SKU024,2026-06-22,3
SKU024,2026-06-23,3
SKU024,2026-06-24,3
SKU024,2026-06-25,3
SKU024,2026-06-26,3
SKU024,2026-06-27,3
SKU024,2026-06-28,3
SKU024,2026-06-29,3
SKU024,2026-06-30,3
SKU024,2026-07-01,3
SKU024,2026-07-02,3
SKU024,2026-07-03,3
SKU024,2026-07-04,3
SKU024,2026-07-05,3
SKU024,2026-07-06,3
SKU024,2026-07-07,3
SKU024,2026-07-08,3
SKU024,2026-07-09,3
SKU024,2026-07-10,3
SKU024,2026-07-11,3
SKU024,2026-07-12,3
SKU024,2026-07-13,3
SKU024,2026-07-14,3
SKU024,2026-07-15,3
SKU024,2026-07-16,3
SKU024,2026-07-17,3
SKU024,2026-07-18,3
SKU024,2026-07-19,3
SKU024,2026-07-20,3
SKU024,2026-07-21,3
SKU024,2026-07-22,3
SKU024,2026-07-23,3
SKU024,2026-07-24,3
SKU024,2026-07-25,3
SKU024,2026-07-26,3
SKU024,2026-07-27,3
SKU024,2026-07-28,3
SKU024,2026-07-29,3
SKU024,2026-07-30,3
SKU024,2026-07-31,3
SKU024,2026-08-01,3
SKU024,2026-08-02,3
SKU024,2026-08-03,3
SKU024,2026-08-04,3
SKU024,2026-08-05,3
SKU024,2026-08-06,3
SKU024,2026-08-07,3
SKU024,2026-08-08,3
SKU024,2026-08-09,3
SKU024,2026-08-10,3
SKU024,2026-08-11,3
SKU024,2026-08-12,3
SKU024,2026-08-13,3
SKU024,2026-08-14,3
SKU024,2026-08-15,3
SKU024,2026-08-16,3
SKU024,2026-08-17,3
SKU024,2026-08-18,3
SKU024,2026-08-19,3
SKU024,2026-08-20,3
SKU024,2026-08-21,3
SKU024,2026-08-22,3
SKU024,2026-08-23,3
SKU024,2026-08-24,3
SKU024,2026-08-25,3
SKU024,2026-08-26,3
SKU024,2026-08-27,3
SKU024,2026-08-28,3
SKU024,2026-08-29,3
SKU024,2026-08-30,3
SKU024,2026-08-31,3
SKU024,2026-09-01,3
SKU024,2026-09-02,3
SKU024,2026-09-03,3
SKU024,2026-09-04,3
SKU024,2026-09-05,3
SKU024,2026-09-06,3
SKU024,2026-09-07,3
SKU024,2026-09-08,3
SKU024,2026-09-09,3
SKU024,2026-09-10,3
SKU024,2026-09-11,3
SKU024,2026-09-12,3
SKU024,2026-09-13,3
SKU024,2026-09-14,3
SKU024,2026-09-15,3
SKU024,2026-09-16,3
SKU024,2026-09-17,3
SKU024,2026-09-18,3
SKU024,2026-09-19,3
SKU024,2026-09-20,3
SKU024,2026-09-21,3
SKU024,2026-09-22,3
SKU024,2026-09-23,3
SKU024,2026-09-24,3
SKU024,2026-09-25,3
SKU024,2026-09-26,3
SKU024,2026-09-27,3
SKU024,2026-09-28,3
SKU024,2026-09-29,3
SKU024,2026-09-30,3
SKU025,2026-04-04,3
SKU025,2026-04-05,3
SKU025,2026-04-06,3
SKU025,2026-04-07,3
SKU025,2026-04-08,3
SKU025,2026-04-09,3
SKU025,2026-04-10,3
SKU025,2026-04-11,3
SKU025,2026-04-12,3
SKU025,2026-04-13,3
SKU025,2026-04-14,3
SKU025,2026-04-15,3
SKU025,2026-04-16,3
SKU025,2026-04-17,3
SKU025,2026-04-18,3
SKU025,2026-04-19,3
SKU025,2026-04-20,3
SKU025,2026-04-21,3
SKU025,2026-04-22,3
SKU025,2026-04-23,3
SKU025,2026-04-24,3
SKU025,2026-04-25,3
SKU025,2026-04-26,3
SKU025,2026-04-27,3
SKU025,2026-04-28,3
SKU025,2026-04-29,3
SKU025,2026-04-30,3
SKU025,2026-05-01,3
SKU025,2026-05-02,3
SKU025,2026-05-03,3
SKU025,2026-05-04,3
SKU025,2026-05-05,3
SKU025,2026-05-06,3
SKU025,2026-05-07,3
SKU025,2026-05-08,3
SKU025,2026-05-09,3
SKU025,2026-05-10,3
SKU025,2026-05-11,3
SKU025,2026-05-12,3
SKU025,2026-05-13,3
SKU025,2026-05-14,3
SKU025,2026-05-15,3
SKU025,2026-05-16,3
SKU025,2026-05-17,3
SKU025,2026-05-18,3
SKU025,2026-05-19,3
SKU025,2026-05-20,3
SKU025,2026-05-21,3
SKU025,2026-05-22,3
SKU025,2026-05-23,3
SKU025,2026-05-24,3
SKU025,2026-05-25,3
SKU025,2026-05-26,3
SKU025,2026-05-27,3
SKU025,2026-05-28,3
SKU025,2026-05-29,3
SKU025,2026-05-30,3
SKU025,2026-05-31,3
SKU025,2026-06-01,3
SKU025,2026-06-02,3
SKU025,2026-06-03,3
SKU025,2026-06-04,3
SKU025,2026-06-05,3
SKU025,2026-06-06,3
SKU025,2026-06-07,3
SKU025,2026-06-08,3
SKU025,2026-06-09,3
SKU025,2026-06-10,3
SKU025,2026-06-11,3
SKU025,2026-06-12,3
SKU025,2026-06-13,3
SKU025,2026-06-14,3
SKU025,2026-06-15,3
SKU025,2026-06-16,3
SKU025,2026-06-17,3
SKU025,2026-06-18,3
SKU025,2026-06-19,3
SKU025,2026-06-20,3
SKU025,2026-06-21,3
SKU025,2026-06-22,3
SKU025,2026-06-23,3
SKU025,2026-06-24,3
SKU025,2026-06-25,3
SKU025,2026-06-26,3
SKU025,2026-06-27,3
SKU025,2026-06-28,3
SKU025,2026-06-29,3
SKU025,2026-06-30,3
SKU025,2026-07-01,3
SKU025,2026-07-02,3
SKU025,2026-07-03,3
SKU025,2026-07-04,3
SKU025,2026-07-05,3
SKU025,2026-07-06,3
SKU025,2026-07-07,3
SKU025,2026-07-08,3
SKU025,2026-07-09,3
SKU025,2026-07-10,3
SKU025,2026-07-11,3
SKU025,2026-07-12,3
SKU025,2026-07-13,3
SKU025,2026-07-14,3
SKU025,2026-07-15,3
SKU025,2026-07-16,3
SKU025,2026-07-17,3
SKU025,2026-07-18,3
SKU025,2026-07-19,3
SKU025,2026-07-20,3
SKU025,2026-07-21,3
SKU025,2026-07-22,3
SKU025,2026-07-23,3
SKU025,2026-07-24,3
SKU025,2026-07-25,3
SKU025,2026-07-26,3
SKU025,2026-07-27,3
SKU025,2026-07-28,3
SKU025,2026-07-29,3
SKU025,2026-07-30,3
SKU025,2026-07-31,3
SKU025,2026-08-01,3
SKU025,2026-08-02,3
SKU025,2026-08-03,3
SKU025,2026-08-04,3
SKU025,2026-08-05,3
SKU025,2026-08-06,3
SKU025,2026-08-07,3
SKU025,2026-08-08,3
SKU025,2026-08-09,3
SKU025,2026-08-10,3
SKU025,2026-08-11,3
SKU025,2026-08-12,3
SKU025,2026-08-13,3
SKU025,2026-08-14,3
SKU025,2026-08-15,3
SKU025,2026-08-16,3
SKU025,2026-08-17,3
SKU025,2026-08-18,3
SKU025,2026-08-19,3
SKU025,2026-08-20,3
SKU025,2026-08-21,3
SKU025,2026-08-22,3
SKU025,2026-08-23,3
SKU025,2026-08-24,3
SKU025,2026-08-25,3
SKU025,2026-08-26,3
SKU025,2026-08-27,3
SKU025,2026-08-28,3
SKU025,2026-08-29,3
SKU025,2026-08-30,3
SKU025,2026-08-31,3
SKU025,2026-09-01,3
SKU025,2026-09-02,3
SKU025,2026-09-03,3
SKU025,2026-09-04,3
SKU025,2026-09-05,3
SKU025,2026-09-06,3
SKU025,2026-09-07,3
SKU025,2026-09-08,3
SKU025,2026-09-09,3
SKU025,2026-09-10,3
SKU025,2026-09-11,3
SKU025,2026-09-12,3
SKU025,2026-09-13,3
SKU025,2026-09-14,3
SKU025,2026-09-15,3
SKU025,2026-09-16,3
SKU025,2026-09-17,3
SKU025,2026-09-18,3
SKU025,2026-09-19,3
SKU025,2026-09-20,3
SKU025,2026-09-21,3
SKU025,2026-09-22,3
SKU025,2026-09-23,3
SKU025,2026-09-24,3
SKU025,2026-09-25,3
SKU025,2026-09-26,3
SKU025,2026-09-27,3
SKU025,2026-09-28,3
SKU025,2026-09-29,3
SKU025,2026-09-30,3
SKU026,2026-04-04,2
SKU026,2026-04-05,3
SKU026,2026-04-06,3
SKU026,2026-04-07,2
SKU026,2026-04-08,2
SKU026,2026-04-09,2
SKU026,2026-04-10,2
SKU026,2026-04-11,3
SKU026,2026-04-12,3
SKU026,2026-04-13,2
SKU026,2026-04-14,3
SKU026,2026-04-15,2
SKU026,2026-04-16,3
SKU026,2026-04-17,2
SKU026,2026-04-18,2
SKU026,2026-04-20,2
SKU026,2026-04-21,2
SKU026,2026-04-22,2
SKU026,2026-04-23,2
SKU026,2026-04-24,2
SKU026,2026-04-25,3
SKU026,2026-04-26,3
SKU026,2026-04-27,3
SKU026,2026-04-28,2
SKU026,2026-04-29,2
SKU026,2026-04-30,3
SKU026,2026-05-01,2
SKU026,2026-05-02,3
SKU026,2026-05-03,2
SKU026,2026-05-04,2
SKU026,2026-05-05,2
SKU026,2026-05-06,3
SKU026,2026-05-07,2
SKU026,2026-05-08,3
SKU026,2026-05-09,3
SKU026,2026-05-10,1
SKU026,2026-05-11,2
SKU026,2026-05-12,3
SKU026,2026-05-13,3
SKU026,2026-05-14,3
SKU026,2026-05-15,3
SKU026,2026-05-16,2
SKU026,2026-05-17,2
SKU026,2026-05-18,3
SKU026,2026-05-19,3
SKU026,2026-05-20,2
SKU026,2026-05-21,1
SKU026,2026-05-22,3
SKU026,2026-05-23,3
SKU026,2026-05-24,2
SKU026,2026-05-25,3
SKU026,2026-05-26,2
SKU026,2026-05-27,2
SKU026,2026-05-28,1
SKU026,2026-05-29,3
SKU026,2026-05-30,2
SKU026,2026-05-31,3
SKU026,2026-06-01,3
SKU026,2026-06-02,3
SKU026,2026-06-03,3
SKU026,2026-06-04,3
SKU026,2026-06-05,3
SKU026,2026-06-06,3
SKU026,2026-06-07,2
SKU026,2026-06-08,3
SKU026,2026-06-09,3
SKU026,2026-06-10,3
SKU026,2026-06-11,3
SKU026,2026-06-12,3
SKU026,2026-06-13,3
SKU026,2026-06-14,3
SKU026,2026-06-15,2
SKU026,2026-06-16,3
SKU026,2026-06-17,2
SKU026,2026-06-18,3
SKU026,2026-06-19,3
SKU026,2026-06-20,3
SKU026,2026-06-21,3
SKU026,2026-06-22,2
SKU026,2026-06-23,3
SKU026,2026-06-24,3
SKU026,2026-06-25,3
SKU026,2026-06-26,3
SKU026,2026-06-27,3
SKU026,2026-06-28,3
SKU026,2026-06-29,3
SKU026,2026-06-30,3
SKU026,2026-07-01,2
SKU026,2026-07-02,3
SKU026,2026-07-03,3
SKU026,2026-07-04,3
SKU026,2026-07-05,2
SKU026,2026-07-06,3
SKU026,2026-07-07,2
SKU026,2026-07-08,3
SKU026,2026-07-09,2
SKU026,2026-07-10,2
SKU026,2026-07-11,3
SKU026,2026-07-12,2
SKU026,2026-07-13,2
SKU026,2026-07-15,2
SKU026,2026-07-16,2
SKU026,2026-07-17,1
SKU026,2026-07-18,3
SKU026,2026-07-19,2
SKU026,2026-07-20,3
SKU026,2026-07-21,2
SKU026,2026-07-22,2
SKU026,2026-07-23,3
SKU026,2026-07-24,3
SKU026,2026-07-25,3
SKU026,2026-07-26,2
SKU026,2026-07-27,3
SKU026,2026-07-28,3
SKU026,2026-07-29,3
SKU026,2026-07-30,2
SKU026,2026-07-31,2
SKU026,2026-08-01,1
SKU026,2026-08-02,3
SKU026,2026-08-03,2
SKU026,2026-08-04,2
SKU026,2026-08-05,2
SKU026,2026-08-06,2
SKU026,2026-08-07,2
SKU026,2026-08-08,2
SKU026,2026-08-09,2
SKU026,2026-08-10,3
SKU026,2026-08-11,3
SKU026,2026-08-12,3
SKU026,2026-08-13,3
SKU026,2026-08-14,2
SKU026,2026-08-15,2
SKU026,2026-08-16,2
SKU026,2026-08-17,2
SKU026,2026-08-18,3
SKU026,2026-08-19,3
SKU026,2026-08-20,2
SKU026,2026-08-21,3
SKU026,2026-08-22,3
SKU026,2026-08-23,2
SKU026,2026-08-24,2
SKU026,2026-08-25,1
SKU026,2026-08-26,2
SKU026,2026-08-27,2
SKU026,2026-08-28,3
SKU026,2026-08-29,3
SKU026,2026-08-30,3
SKU026,2026-08-31,2
SKU026,2026-09-01,3
SKU026,2026-09-02,3
SKU026,2026-09-03,3
SKU026,2026-09-04,2
SKU026,2026-09-05,2
SKU026,2026-09-06,2
SKU026,2026-09-07,2
SKU026,2026-09-08,2
SKU026,2026-09-09,3
SKU026,2026-09-10,2
SKU026,2026-09-11,3
SKU026,2026-09-12,2
SKU026,2026-09-13,3
SKU026,2026-09-14,3
SKU026,2026-09-15,2
SKU026,2026-09-16,2
SKU026,2026-09-17,3
SKU026,2026-09-18,3
SKU026,2026-09-19,2
SKU026,2026-09-20,2
SKU026,2026-09-21,3
SKU026,2026-09-22,2
SKU026,2026-09-23,2
SKU026,2026-09-24,2
SKU026,2026-09-25,2
SKU026,2026-09-26,3
SKU026,2026-09-27,3
SKU026,2026-09-28,2
SKU026,2026-09-29,3
SKU026,2026-09-30,3
SKU027,2026-04-04,3
SKU027,2026-04-05,3
SKU027,2026-04-06,3
SKU027,2026-04-07,3
SKU027,2026-04-08,3
SKU027,2026-04-09,3
SKU027,2026-04-10,3
SKU027,2026-04-11,3
SKU027,2026-04-12,3
SKU027,2026-04-13,3
SKU027,2026-04-14,3
SKU027,2026-04-15,3
SKU027,2026-04-16,3
SKU027,2026-04-17,3
SKU027,2026-04-18,3
SKU027,2026-04-19,3
SKU027,2026-04-20,3
SKU027,2026-04-21,3
SKU027,2026-04-22,3
SKU027,2026-04-23,3
SKU027,2026-04-24,3
SKU027,2026-04-25,3
SKU027,2026-04-26,3
SKU027,2026-04-27,3
SKU027,2026-04-28,3
SKU027,2026-04-29,3
SKU027,2026-04-30,3
SKU027,2026-05-01,3
SKU027,2026-05-02,3
SKU027,2026-05-03,3
SKU027,2026-05-04,3
SKU027,2026-05-05,3
SKU027,2026-05-06,3
SKU027,2026-05-07,3
SKU027,2026-05-08,3
SKU027,2026-05-09,3
SKU027,2026-05-10,3
SKU027,2026-05-11,3
SKU027,2026-05-12,3
SKU027,2026-05-13,3
SKU027,2026-05-14,3
SKU027,2026-05-15,3
SKU027,2026-05-16,3
SKU027,2026-05-17,3
SKU027,2026-05-18,3
SKU027,2026-05-19,3
SKU027,2026-05-20,3
SKU027,2026-05-21,3
SKU027,2026-05-22,3
SKU027,2026-05-23,3
SKU027,2026-05-24,3
SKU027,2026-05-25,3
SKU027,2026-05-26,3
SKU027,2026-05-27,3
SKU027,2026-05-28,3
SKU027,2026-05-29,3
SKU027,2026-05-30,3
SKU027,2026-05-31,3
SKU027,2026-06-01,3
SKU027,2026-06-02,3
SKU027,2026-06-03,3
SKU027,2026-06-04,3
SKU027,2026-06-05,3
SKU027,2026-06-06,3
SKU027,2026-06-07,3
SKU027,2026-06-08,3
SKU027,2026-06-09,3
SKU027,2026-06-10,3
SKU027,2026-06-11,3
SKU027,2026-06-12,3
SKU027,2026-06-13,3
SKU027,2026-06-14,3
SKU027,2026-06-15,3
SKU027,2026-06-16,3
SKU027,2026-06-17,3
SKU027,2026-06-18,3
SKU027,2026-06-19,3
SKU027,2026-06-20,3
SKU027,2026-06-21,3
SKU027,2026-06-22,3
SKU027,2026-06-23,3
SKU027,2026-06-24,3
SKU027,2026-06-25,3
SKU027,2026-06-26,3
SKU027,2026-06-27,3
SKU027,2026-06-28,3
SKU027,2026-06-29,3
SKU027,2026-06-30,3
SKU027,2026-07-01,3
SKU027,2026-07-02,3
SKU027,2026-07-03,3
SKU027,2026-07-04,3
SKU027,2026-07-05,3
SKU027,2026-07-06,3
SKU027,2026-07-07,3
SKU027,2026-07-08,3
SKU027,2026-07-09,3
SKU027,2026-07-10,3
SKU027,2026-07-11,3
SKU027,2026-07-12,3
SKU027,2026-07-13,3
SKU027,2026-07-14,3
SKU027,2026-07-15,3
SKU027,2026-07-16,3
SKU027,2026-07-17,3
SKU027,2026-07-18,3
SKU027,2026-07-19,3
SKU027,2026-07-20,3
SKU027,2026-07-21,3
SKU027,2026-07-22,3
SKU027,2026-07-23,3
SKU027,2026-07-24,3
SKU027,2026-07-25,3
SKU027,2026-07-26,3
SKU027,2026-07-27,3
SKU027,2026-07-28,3
SKU027,2026-07-29,3
SKU027,2026-07-30,3
SKU027,2026-07-31,3
SKU027,2026-08-01,3
SKU027,2026-08-02,3
SKU027,2026-08-03,3
SKU027,2026-08-04,3
SKU027,2026-08-05,3
SKU027,2026-08-06,3
SKU027,2026-08-07,3
SKU027,2026-08-08,3
SKU027,2026-08-09,3
SKU027,2026-08-10,3
SKU027,2026-08-11,3
SKU027,2026-08-12,3
SKU027,2026-08-13,3
SKU027,2026-08-14,3
SKU027,2026-08-15,3
SKU027,2026-08-16,3
SKU027,2026-08-17,3
SKU027,2026-08-18,3
SKU027,2026-08-19,3
SKU027,2026-08-20,3
SKU027,2026-08-21,3
SKU027,2026-08-22,3
SKU027,2026-08-23,3
SKU027,2026-08-24,3
SKU027,2026-08-25,3
SKU027,2026-08-26,3
SKU027,2026-08-27,3
SKU027,2026-08-28,3
SKU027,2026-08-29,3
SKU027,2026-08-30,3
SKU027,2026-08-31,3
SKU027,2026-09-01,3
SKU027,2026-09-02,3
SKU027,2026-09-03,3
SKU027,2026-09-04,3
SKU027,2026-09-05,3
SKU027,2026-09-06,3
SKU027,2026-09-07,3
SKU027,2026-09-08,3
SKU027,2026-09-09,3
SKU027,2026-09-10,3
SKU027,2026-09-11,3
SKU027,2026-09-12,3
SKU027,2026-09-13,3
SKU027,2026-09-14,3
SKU027,2026-09-15,3
SKU027,2026-09-16,3
SKU027,2026-09-17,3
SKU027,2026-09-18,3
SKU027,2026-09-19,3
SKU027,2026-09-20,3
SKU027,2026-09-21,3
SKU027,2026-09-22,3
SKU027,2026-09-23,3
SKU027,2026-09-24,3
SKU027,2026-09-25,3
SKU027,2026-09-26,3
SKU027,2026-09-27,3
SKU027,2026-09-28,3
SKU027,2026-09-29,3
SKU027,2026-09-30,3
SKU028,2026-04-04,3
SKU028,2026-04-05,3
SKU028,2026-04-06,3
SKU028,2026-04-07,3
SKU028,2026-04-08,3
SKU028,2026-04-09,3
SKU028,2026-04-10,3
SKU028,2026-04-11,3
SKU028,2026-04-12,3
SKU028,2026-04-13,3
SKU028,2026-04-14,3
SKU028,2026-04-15,3
SKU028,2026-04-16,3
SKU028,2026-04-17,3
SKU028,2026-04-18,3
SKU028,2026-04-19,3
SKU028,2026-04-20,3
SKU028,2026-04-21,3
SKU028,2026-04-22,3
SKU028,2026-04-23,3
SKU028,2026-04-24,3
SKU028,2026-04-25,3
SKU028,2026-04-26,3
SKU028,2026-04-27,3
SKU028,2026-04-28,3
SKU028,2026-04-29,3
SKU028,2026-04-30,3
SKU028,2026-05-01,3
SKU028,2026-05-02,3
SKU028,2026-05-03,3
SKU028,2026-05-04,3
SKU028,2026-05-05,3
SKU028,2026-05-06,3
SKU028,2026-05-07,3
SKU028,2026-05-08,3
SKU028,2026-05-09,3
SKU028,2026-05-10,3
SKU028,2026-05-11,3
SKU028,2026-05-12,3
SKU028,2026-05-13,3
SKU028,2026-05-14,3
SKU028,2026-05-15,3
SKU028,2026-05-16,3
SKU028,2026-05-17,3
SKU028,2026-05-18,3
SKU028,2026-05-19,3
SKU028,2026-05-20,3
SKU028,2026-05-21,3
SKU028,2026-05-22,3
SKU028,2026-05-23,3
SKU028,2026-05-24,3
SKU028,2026-05-25,3
SKU028,2026-05-26,3
SKU028,2026-05-27,3
SKU028,2026-05-28,3
SKU028,2026-05-29,3
SKU028,2026-05-30,3
SKU028,2026-05-31,3
SKU028,2026-06-01,3
SKU028,2026-06-02,3
SKU028,2026-06-03,3
SKU028,2026-06-04,3
SKU028,2026-06-05,3
SKU028,2026-06-06,3
SKU028,2026-06-07,3
SKU028,2026-06-08,3
SKU028,2026-06-09,3
SKU028,2026-06-10,3
SKU028,2026-06-11,3
SKU028,2026-06-12,3
SKU028,2026-06-13,3
SKU028,2026-06-14,3
SKU028,2026-06-15,3
SKU028,2026-06-16,3
SKU028,2026-06-17,3
SKU028,2026-06-18,3
SKU028,2026-06-19,3
SKU028,2026-06-20,3
SKU028,2026-06-21,3
SKU028,2026-06-22,3
SKU028,2026-06-23,3
SKU028,2026-06-24,3
SKU028,2026-06-25,3
SKU028,2026-06-26,3
SKU028,2026-06-27,3
SKU028,2026-06-28,3
SKU028,2026-06-29,3
SKU028,2026-06-30,3
SKU028,2026-07-01,3
SKU028,2026-07-02,3
SKU028,2026-07-03,3
SKU028,2026-07-04,3
SKU028,2026-07-05,3
SKU028,2026-07-06,3
SKU028,2026-07-07,3
SKU028,2026-07-08,3
SKU028,2026-07-09,3
SKU028,2026-07-10,3
SKU028,2026-07-11,3
SKU028,2026-07-12,3
SKU028,2026-07-13,3
SKU028,2026-07-14,3
SKU028,2026-07-15,3
SKU028,2026-07-16,3
SKU028,2026-07-17,3
SKU028,2026-07-18,3
SKU028,2026-07-19,3
SKU028,2026-07-20,3
SKU028,2026-07-21,3
SKU028,2026-07-22,3
SKU028,2026-07-23,3
SKU028,2026-07-24,3
SKU028,2026-07-25,3
SKU028,2026-07-26,3
SKU028,2026-07-27,3
SKU028,2026-07-28,3
SKU028,2026-07-29,3
SKU028,2026-07-30,3
SKU028,2026-07-31,3
SKU028,2026-08-01,3
SKU028,2026-08-02,3
SKU028,2026-08-03,3
SKU028,2026-08-04,3
SKU028,2026-08-05,3
SKU028,2026-08-06,3
SKU028,2026-08-07,3
SKU028,2026-08-08,3
SKU028,2026-08-09,3
SKU028,2026-08-10,3
SKU028,2026-08-11,3
SKU028,2026-08-12,3
SKU028,2026-08-13,3
SKU028,2026-08-14,3
SKU028,2026-08-15,3
SKU028,2026-08-16,3
SKU028,2026-08-17,3
SKU028,2026-08-18,3
SKU028,2026-08-19,3
SKU028,2026-08-20,3
SKU028,2026-08-21,3
SKU028,2026-08-22,3
SKU028,2026-08-23,3
SKU028,2026-08-24,3
SKU028,2026-08-25,3
SKU028,2026-08-26,3
SKU028,2026-08-27,3
SKU028,2026-08-28,3
SKU028,2026-08-29,3
SKU028,2026-08-30,3
SKU028,2026-08-31,3
SKU028,2026-09-01,3
SKU028,2026-09-02,3
SKU028,2026-09-03,3
SKU028,2026-09-04,3
SKU028,2026-09-05,3
SKU028,2026-09-06,3
SKU028,2026-09-07,3
SKU028,2026-09-08,3
SKU028,2026-09-09,3
SKU028,2026-09-10,3
SKU028,2026-09-11,3
SKU028,2026-09-12,3
SKU028,2026-09-13,3
SKU028,2026-09-14,3
SKU028,2026-09-15,3
SKU028,2026-09-16,3
SKU028,2026-09-17,3
SKU028,2026-09-18,3
SKU028,2026-09-19,3
SKU028,2026-09-20,3
SKU028,2026-09-21,3
SKU028,2026-09-22,3
SKU028,2026-09-23,3
SKU028,2026-09-24,3
SKU028,2026-09-25,3
SKU028,2026-09-26,3
SKU028,2026-09-27,3
SKU028,2026-09-28,3
SKU028,2026-09-29,3
SKU028,2026-09-30,3
SKU029,2026-04-04,3
SKU029,2026-04-05,3
SKU029,2026-04-06,3
SKU029,2026-04-07,3
SKU029,2026-04-08,3
SKU029,2026-04-09,3
SKU029,2026-04-10,3
SKU029,2026-04-11,3
SKU029,2026-04-12,3
SKU029,2026-04-13,3
SKU029,2026-04-14,3
SKU029,2026-04-15,3
SKU029,2026-04-16,3
SKU029,2026-04-17,3
SKU029,2026-04-18,3
SKU029,2026-04-19,3
SKU029,2026-04-20,3
SKU029,2026-04-21,3
SKU029,2026-04-22,3
SKU029,2026-04-23,3
SKU029,2026-04-24,3
SKU029,2026-04-25,3
SKU029,2026-04-26,3
SKU029,2026-04-27,3
SKU029,2026-04-28,3
SKU029,2026-04-29,3
SKU029,2026-04-30,3
SKU029,2026-05-01,3
SKU029,2026-05-02,3
SKU029,2026-05-03,3
SKU029,2026-05-04,3
SKU029,2026-05-05,3
SKU029,2026-05-06,3
SKU029,2026-05-07,3
SKU029,2026-05-08,3
SKU029,2026-05-09,3
SKU029,2026-05-10,3
SKU029,2026-05-11,3
SKU029,2026-05-12,3
SKU029,2026-05-13,3
SKU029,2026-05-14,3
SKU029,2026-05-15,3
SKU029,2026-05-16,3
SKU029,2026-05-17,3
SKU029,2026-05-18,3
SKU029,2026-05-19,3
SKU029,2026-05-20,3
SKU029,2026-05-21,3
SKU029,2026-05-22,3
SKU029,2026-05-23,3
SKU029,2026-05-24,3
SKU029,2026-05-25,3
SKU029,2026-05-26,3
SKU029,2026-05-27,3
SKU029,2026-05-28,3
SKU029,2026-05-29,3
SKU029,2026-05-30,3
SKU029,2026-05-31,3
SKU029,2026-06-01,3
SKU029,2026-06-02,3
SKU029,2026-06-03,3
SKU029,2026-06-04,3
SKU029,2026-06-05,3
SKU029,2026-06-06,3
SKU029,2026-06-07,3
SKU029,2026-06-08,3
SKU029,2026-06-09,3
SKU029,2026-06-10,3
SKU029,2026-06-11,3
SKU029,2026-06-12,3
SKU029,2026-06-13,3
SKU029,2026-06-14,3
SKU029,2026-06-15,3
SKU029,2026-06-16,3
SKU029,2026-06-17,3
SKU029,2026-06-18,3
SKU029,2026-06-19,3
SKU029,2026-06-20,3
SKU029,2026-06-21,3
SKU029,2026-06-22,3
SKU029,2026-06-23,3
SKU029,2026-06-24,3
SKU029,2026-06-25,3
SKU029,2026-06-26,3
SKU029,2026-06-27,3
SKU029,2026-06-28,3
SKU029,2026-06-29,3
SKU029,2026-06-30,3
SKU029,2026-07-01,3
SKU029,2026-07-02,3
SKU029,2026-07-03,3
SKU029,2026-07-04,3
SKU029,2026-07-05,3
SKU029,2026-07-06,3
SKU029,2026-07-07,3
SKU029,2026-07-08,3
SKU029,2026-07-09,3
SKU029,2026-07-10,3
SKU029,2026-07-11,3
SKU029,2026-07-12,3
SKU029,2026-07-13,3
SKU029,2026-07-14,3
SKU029,2026-07-15,3
SKU029,2026-07-16,3
SKU029,2026-07-17,3
SKU029,2026-07-18,3
SKU029,2026-07-19,3
SKU029,2026-07-20,3
SKU029,2026-07-21,3
SKU029,2026-07-22,3
SKU029,2026-07-23,3
SKU029,2026-07-24,3
SKU029,2026-07-25,3
SKU029,2026-07-26,3
SKU029,2026-07-27,3
SKU029,2026-07-28,3
SKU029,2026-07-29,3
SKU029,2026-07-30,3
SKU029,2026-07-31,3
SKU029,2026-08-01,3
SKU029,2026-08-02,3
SKU029,2026-08-03,3
SKU029,2026-08-04,3
SKU029,2026-08-05,3
SKU029,2026-08-06,3
SKU029,2026-08-07,3
SKU029,2026-08-08,3
SKU029,2026-08-09,3
SKU029,2026-08-10,3
SKU029,2026-08-11,3
SKU029,2026-08-12,3
SKU029,2026-08-13,3
SKU029,2026-08-14,3
SKU029,2026-08-15,3
SKU029,2026-08-16,3
SKU029,2026-08-17,3
SKU029,2026-08-18,3
SKU029,2026-08-19,3
SKU029,2026-08-20,3
SKU029,2026-08-21,3
SKU029,2026-08-22,3
SKU029,2026-08-23,3
SKU029,2026-08-24,3
SKU029,2026-08-25,3
SKU029,2026-08-26,3
SKU029,2026-08-27,3
SKU029,2026-08-28,3
SKU029,2026-08-29,3
SKU029,2026-08-30,3
SKU029,2026-08-31,3
SKU029,2026-09-01,3
SKU029,2026-09-02,3
SKU029,2026-09-03,3
SKU029,2026-09-04,3
SKU029,2026-09-05,3
SKU029,2026-09-06,3
SKU029,2026-09-07,3
SKU029,2026-09-08,3
SKU029,2026-09-09,3
SKU029,2026-09-10,3
SKU029,2026-09-11,3
SKU029,2026-09-12,3
SKU029,2026-09-13,3
SKU029,2026-09-14,3
SKU029,2026-09-15,3
SKU029,2026-09-16,3
SKU029,2026-09-17,3
SKU029,2026-09-18,3
SKU029,2026-09-19,3
SKU029,2026-09-20,3
SKU029,2026-09-21,3
SKU029,2026-09-22,3
SKU029,2026-09-23,3
SKU029,2026-09-24,3
SKU029,2026-09-25,3
SKU029,2026-09-26,3
SKU029,2026-09-27,3
SKU029,2026-09-28,3
SKU029,2026-09-29,3
SKU029,2026-09-30,3
SKU030,2026-04-04,1
SKU030,2026-04-06,1
SKU030,2026-04-08,1
SKU030,2026-04-09,2
SKU030,2026-04-10,1
SKU030,2026-04-12,2
SKU030,2026-04-13,1
SKU030,2026-04-14,1
SKU030,2026-04-16,2
SKU030,2026-04-19,1
SKU030,2026-04-20,1
SKU030,2026-04-21,2
SKU030,2026-04-24,1
SKU030,2026-04-25,1
SKU030,2026-04-26,1
SKU030,2026-04-27,1
SKU030,2026-04-28,1
SKU030,2026-04-29,1
SKU030,2026-05-01,1
SKU030,2026-05-02,2
SKU030,2026-05-03,2
SKU030,2026-05-04,1
SKU030,2026-05-08,1
SKU030,2026-05-11,1
SKU030,2026-05-12,2
SKU030,2026-05-13,1
SKU030,2026-05-19,1
SKU030,2026-05-25,1
SKU030,2026-05-27,2
SKU030,2026-05-31,1
SKU030,2026-06-04,1
SKU030,2026-06-05,1
SKU030,2026-06-07,1
SKU030,2026-06-10,1
SKU030,2026-06-13,1
SKU030,2026-06-14,1
SKU030,2026-06-16,1
SKU030,2026-06-17,1
SKU031,2026-04-08,1
SKU031,2026-04-10,1
SKU031,2026-04-11,1
SKU031,2026-04-13,2
SKU031,2026-04-14,1
SKU031,2026-04-15,1
SKU031,2026-04-17,1
SKU031,2026-04-18,3
SKU031,2026-04-20,2
SKU031,2026-04-23,1
SKU031,2026-04-24,1
SKU031,2026-04-26,2
SKU031,2026-05-01,1
SKU031,2026-05-03,1
SKU031,2026-05-09,1
SKU031,2026-05-10,1
SKU031,2026-05-12,2
SKU031,2026-05-13,1
SKU031,2026-05-15,1
SKU031,2026-05-18,1
SKU031,2026-05-20,1
SKU031,2026-05-21,1
SKU031,2026-05-22,2
SKU031,2026-05-26,1
SKU031,2026-05-31,1
SKU032,2026-04-05,1
SKU032,2026-04-14,1
SKU032,2026-04-19,1
SKU032,2026-04-23,1
SKU032,2026-04-26,1
SKU032,2026-05-01,1
SKU032,2026-05-16,1
SKU032,2026-05-21,2
SKU032,2026-05-25,1
SKU032,2026-05-30,1
SKU032,2026-06-14,1
SKU032,2026-06-25,1
SKU032,2026-07-01,1
SKU032,2026-07-02,1
SKU032,2026-07-13,1
SKU032,2026-07-16,1
SKU032,2026-07-21,1
SKU032,2026-07-23,1
SKU032,2026-07-25,1
SKU032,2026-07-26,1
SKU032,2026-07-30,1
SKU033,2026-04-08,1
SKU033,2026-04-09,1
SKU033,2026-04-10,1
SKU033,2026-04-12,1
SKU033,2026-04-16,2
SKU033,2026-04-17,1
SKU033,2026-04-18,2
SKU033,2026-04-22,1
SKU033,2026-04-23,1
SKU033,2026-04-25,1
SKU033,2026-04-29,1
SKU033,2026-05-01,1
SKU033,2026-05-03,1
SKU034,2026-04-04,1
SKU034,2026-04-05,3
SKU034,2026-04-06,2
SKU034,2026-04-07,2
SKU034,2026-04-08,3
SKU034,2026-04-09,1
SKU034,2026-04-10,3
SKU034,2026-04-11,3
SKU034,2026-04-12,3
SKU034,2026-04-13,2
SKU034,2026-04-14,3
SKU034,2026-04-15,2
SKU034,2026-04-16,3
SKU034,2026-04-17,3
SKU034,2026-04-18,2
SKU034,2026-04-19,2
SKU034,2026-04-20,3
SKU034,2026-04-21,2
SKU034,2026-04-22,3
SKU034,2026-04-23,2
SKU034,2026-04-24,3
SKU034,2026-04-25,2
SKU034,2026-04-26,3
SKU034,2026-04-27,3
SKU034,2026-04-28,3
SKU034,2026-04-29,3
SKU034,2026-04-30,2
SKU034,2026-05-01,2
SKU034,2026-05-02,2
SKU034,2026-05-03,3
SKU034,2026-05-04,3
SKU034,2026-05-05,3
SKU034,2026-05-06,3
SKU034,2026-05-07,2
SKU034,2026-05-08,3
SKU034,2026-05-09,3
SKU034,2026-05-10,3
SKU034,2026-05-11,3
SKU034,2026-05-12,3
SKU034,2026-05-13,3
SKU034,2026-05-14,3
SKU034,2026-05-15,3
SKU034,2026-05-16,2
SKU034,2026-05-17,2
SKU034,2026-05-18,1
SKU034,2026-05-19,3
SKU034,2026-05-20,3
SKU034,2026-05-21,3
SKU034,2026-05-22,3
SKU034,2026-05-23,3
SKU034,2026-05-24,3
SKU034,2026-05-25,3
SKU034,2026-05-26,2
SKU034,2026-05-27,2
SKU034,2026-05-28,3
SKU034,2026-05-29,2
SKU034,2026-05-30,3
SKU034,2026-05-31,3
SKU034,2026-06-01,3
SKU034,2026-06-02,3
SKU034,2026-06-03,3
SKU034,2026-06-04,2
SKU034,2026-06-05,3
SKU034,2026-06-06,2
SKU034,2026-06-07,3
SKU034,2026-06-08,2
SKU034,2026-06-09,3
SKU034,2026-06-10,3
SKU034,2026-06-11,3
SKU034,2026-06-12,2
SKU034,2026-06-13,3
SKU034,2026-06-14,3
SKU034,2026-06-15,3
SKU034,2026-06-16,2
SKU034,2026-06-17,3
SKU034,2026-06-18,3
SKU034,2026-06-19,2
SKU034,2026-06-20,3
SKU034,2026-06-21,2
SKU034,2026-06-22,2
SKU034,2026-06-23,3
SKU034,2026-06-24,3
SKU034,2026-06-25,2
SKU034,2026-06-26,2
SKU034,2026-06-27,2
SKU034,2026-06-29,2
SKU034,2026-06-30,3
SKU034,2026-07-01,2
SKU034,2026-07-02,2
SKU034,2026-07-03,3
SKU034,2026-07-04,3
SKU034,2026-07-05,2
SKU034,2026-07-06,3
SKU034,2026-07-07,3
SKU034,2026-07-08,3
SKU034,2026-07-09,3
SKU034,2026-07-10,3
SKU034,2026-07-11,2
SKU034,2026-07-12,2
SKU034,2026-07-13,3
SKU034,2026-07-14,2
SKU034,2026-07-15,1
SKU034,2026-07-16,3
SKU034,2026-07-17,2
SKU034,2026-07-18,1
SKU034,2026-07-19,2
SKU034,2026-07-21,1
SKU034,2026-07-22,2
SKU034,2026-07-23,2
SKU034,2026-07-24,2
SKU034,2026-07-25,3
SKU034,2026-07-26,2
SKU034,2026-07-27,3
SKU034,2026-07-28,3
SKU034,2026-07-29,3
SKU034,2026-07-30,2
SKU034,2026-07-31,3
SKU034,2026-08-01,2
SKU034,2026-08-02,2
SKU034,2026-08-03,2
SKU034,2026-08-04,3
SKU034,2026-08-05,3
SKU034,2026-08-06,3
SKU034,2026-08-07,2
SKU034,2026-08-08,3
SKU034,2026-08-09,3
SKU034,2026-08-10,3
SKU034,2026-08-11,1
SKU034,2026-08-12,3
SKU034,2026-08-13,3
SKU034,2026-08-14,2
SKU034,2026-08-15,3
SKU034,2026-08-16,2
SKU034,2026-08-17,3
SKU034,2026-08-18,3
SKU034,2026-08-19,3
SKU034,2026-08-20,3
SKU034,2026-08-21,3
SKU034,2026-08-22,2
SKU034,2026-08-23,2
SKU034,2026-08-24,3
SKU034,2026-08-25,3
SKU034,2026-08-26,2
SKU034,2026-08-27,3
SKU034,2026-08-28,3
SKU034,2026-08-29,3
SKU034,2026-08-30,2
SKU034,2026-08-31,2
SKU034,2026-09-01,2
SKU034,2026-09-02,3
SKU034,2026-09-03,2
SKU034,2026-09-04,1
SKU034,2026-09-05,2
SKU034,2026-09-06,2
SKU034,2026-09-07,3
SKU034,2026-09-08,3
SKU034,2026-09-09,2
SKU034,2026-09-10,3
SKU034,2026-09-11,2
SKU034,2026-09-12,3
SKU034,2026-09-13,3
SKU034,2026-09-14,1
SKU034,2026-09-15,1
SKU034,2026-09-16,3
SKU034,2026-09-17,3
SKU034,2026-09-18,2
SKU034,2026-09-19,2
SKU034,2026-09-20,2
SKU034,2026-09-21,2
SKU034,2026-09-22,3
SKU034,2026-09-23,3
SKU034,2026-09-24,1
SKU034,2026-09-25,3
SKU034,2026-09-26,3
SKU034,2026-09-27,1
SKU034,2026-09-28,3
SKU034,2026-09-29,3
SKU034,2026-09-30,3
SKU035,2026-04-04,3
SKU035,2026-04-05,3
SKU035,2026-04-06,3
SKU035,2026-04-07,3
SKU035,2026-04-08,3
SKU035,2026-04-09,3
SKU035,2026-04-10,3
SKU035,2026-04-11,3
SKU035,2026-04-12,3
SKU035,2026-04-13,3
SKU035,2026-04-14,3
SKU035,2026-04-15,3
SKU035,2026-04-16,3
SKU035,2026-04-17,3
SKU035,2026-04-18,3
SKU035,2026-04-19,3
SKU035,2026-04-20,3
SKU035,2026-04-21,3
SKU035,2026-04-22,3
SKU035,2026-04-23,3
SKU035,2026-04-24,3
SKU035,2026-04-25,3
SKU035,2026-04-26,3
SKU035,2026-04-27,3
SKU035,2026-04-28,3
SKU035,2026-04-29,3
SKU035,2026-04-30,3
SKU035,2026-05-01,3
SKU035,2026-05-02,3
SKU035,2026-05-03,3
SKU035,2026-05-04,3
SKU035,2026-05-05,3
SKU035,2026-05-06,3
SKU035,2026-05-07,3
SKU035,2026-05-08,3
SKU035,2026-05-09,3
SKU035,2026-05-10,3
SKU035,2026-05-11,3
SKU035,2026-05-12,3
SKU035,2026-05-13,3
SKU035,2026-05-14,3
SKU035,2026-05-15,3
SKU035,2026-05-16,3
SKU035,2026-05-17,3
SKU035,2026-05-18,3
SKU035,2026-05-19,3
SKU035,2026-05-20,3
SKU035,2026-05-21,3
SKU035,2026-05-22,3
SKU035,2026-05-23,3
SKU035,2026-05-24,3
SKU035,2026-05-25,3
SKU035,2026-05-26,3
SKU035,2026-05-27,3
SKU035,2026-05-28,3
SKU035,2026-05-29,3
SKU035,2026-05-30,3
SKU035,2026-05-31,3
SKU035,2026-06-01,3
SKU035,2026-06-02,3
SKU035,2026-06-03,3
SKU035,2026-06-04,3
SKU035,2026-06-05,3
SKU035,2026-06-06,3
SKU035,2026-06-07,3
SKU035,2026-06-08,3
SKU035,2026-06-09,3
SKU035,2026-06-10,3
SKU035,2026-06-11,3
SKU035,2026-06-12,3
SKU035,2026-06-13,3
SKU035,2026-06-14,3
SKU035,2026-06-15,3
SKU035,2026-06-16,3
SKU035,2026-06-17,3
SKU035,2026-06-18,3
SKU035,2026-06-19,3
SKU035,2026-06-20,3
SKU035,2026-06-21,3
SKU035,2026-06-22,3
SKU035,2026-06-23,3
SKU035,2026-06-24,3
SKU035,2026-06-25,3
SKU035,2026-06-26,3
SKU035,2026-06-27,3
SKU035,2026-06-28,3
SKU035,2026-06-29,3
SKU035,2026-06-30,3
SKU035,2026-07-01,3
SKU035,2026-07-02,3
SKU035,2026-07-03,3
SKU035,2026-07-04,3
SKU035,2026-07-05,3
SKU035,2026-07-06,3
SKU035,2026-07-07,3
SKU035,2026-07-08,3
SKU035,2026-07-09,3
SKU035,2026-07-10,3
SKU035,2026-07-11,3
SKU035,2026-07-12,3
SKU035,2026-07-13,3
SKU035,2026-07-14,3
SKU035,2026-07-15,3
SKU035,2026-07-16,3
SKU035,2026-07-17,3
SKU035,2026-07-18,3
SKU035,2026-07-19,3
SKU035,2026-07-20,3
SKU035,2026-07-21,3
SKU035,2026-07-22,3
SKU035,2026-07-23,3
SKU035,2026-07-24,3
SKU035,2026-07-25,3
SKU035,2026-07-26,3
SKU035,2026-07-27,3
SKU035,2026-07-28,3
SKU035,2026-07-29,3
SKU035,2026-07-30,3
SKU035,2026-07-31,3
SKU035,2026-08-01,3
SKU035,2026-08-02,3
SKU035,2026-08-03,3
SKU035,2026-08-04,3
SKU035,2026-08-05,3
SKU035,2026-08-06,3
SKU035,2026-08-07,3
SKU035,2026-08-08,3
SKU035,2026-08-09,3
SKU035,2026-08-10,3
SKU035,2026-08-11,3
SKU035,2026-08-12,3
SKU035,2026-08-13,3
SKU035,2026-08-14,3
SKU035,2026-08-15,3
SKU035,2026-08-16,3
SKU035,2026-08-17,3
SKU035,2026-08-18,3
SKU035,2026-08-19,3
SKU035,2026-08-20,3
SKU035,2026-08-21,3
SKU035,2026-08-22,3
SKU035,2026-08-23,3
SKU035,2026-08-24,3
SKU035,2026-08-25,3
SKU035,2026-08-26,3
SKU035,2026-08-27,3
SKU035,2026-08-28,3
SKU035,2026-08-29,3
SKU035,2026-08-30,3
SKU035,2026-08-31,3
SKU035,2026-09-01,3
SKU035,2026-09-02,3
SKU035,2026-09-03,3
SKU035,2026-09-04,3
SKU035,2026-09-05,3
SKU035,2026-09-06,3
SKU035,2026-09-07,3
SKU035,2026-09-08,3
SKU035,2026-09-09,3
SKU035,2026-09-10,3
SKU035,2026-09-11,3
SKU035,2026-09-12,3
SKU035,2026-09-13,3
SKU035,2026-09-14,3
SKU035,2026-09-15,3
SKU035,2026-09-16,3
SKU035,2026-09-17,3
SKU035,2026-09-18,3
SKU035,2026-09-19,3
SKU035,2026-09-20,3
SKU035,2026-09-21,3
SKU035,2026-09-22,3
SKU035,2026-09-23,3
SKU035,2026-09-24,3
SKU035,2026-09-25,3
SKU035,2026-09-26,3
SKU035,2026-09-27,3
SKU035,2026-09-28,3
SKU035,2026-09-29,3
SKU035,2026-09-30,3
SKU036,2026-04-04,3
SKU036,2026-04-05,3
SKU036,2026-04-06,3
SKU036,2026-04-07,3
SKU036,2026-04-08,3
SKU036,2026-04-09,3
SKU036,2026-04-10,3
SKU036,2026-04-11,3
SKU036,2026-04-12,3
SKU036,2026-04-13,3
SKU036,2026-04-14,3
SKU036,2026-04-15,3
SKU036,2026-04-16,3
SKU036,2026-04-17,3
SKU036,2026-04-18,3
SKU036,2026-04-19,3
SKU036,2026-04-20,3
SKU036,2026-04-21,3
SKU036,2026-04-22,3
SKU036,2026-04-23,3
SKU036,2026-04-24,3
SKU036,2026-04-25,3
SKU036,2026-04-26,3
SKU036,2026-04-27,3
SKU036,2026-04-28,3
SKU036,2026-04-29,3
SKU036,2026-04-30,3
SKU036,2026-05-01,3
SKU036,2026-05-02,3
SKU036,2026-05-03,3
SKU036,2026-05-04,3
SKU036,2026-05-05,3
SKU036,2026-05-06,3
SKU036,2026-05-07,3
SKU036,2026-05-08,3
SKU036,2026-05-09,3
SKU036,2026-05-10,3
SKU036,2026-05-11,3
SKU036,2026-05-12,3
SKU036,2026-05-13,3
SKU036,2026-05-14,3
SKU036,2026-05-15,3
SKU036,2026-05-16,3
SKU036,2026-05-17,3
SKU036,2026-05-18,3
SKU036,2026-05-19,3
SKU036,2026-05-20,3
SKU036,2026-05-21,3
SKU036,2026-05-22,3
SKU036,2026-05-23,3
SKU036,2026-05-24,3
SKU036,2026-05-25,3
SKU036,2026-05-26,3
SKU036,2026-05-27,3
SKU036,2026-05-28,3
SKU036,2026-05-29,3
SKU036,2026-05-30,3
SKU036,2026-05-31,3
SKU036,2026-06-01,3
SKU036,2026-06-02,3
SKU036,2026-06-03,3
SKU036,2026-06-04,3
SKU036,2026-06-05,3
SKU036,2026-06-06,3
SKU036,2026-06-07,3
SKU036,2026-06-08,3
SKU036,2026-06-09,3
SKU036,2026-06-10,3
SKU036,2026-06-11,3
SKU036,2026-06-12,3
SKU036,2026-06-13,3
SKU036,2026-06-14,3
SKU036,2026-06-15,3
SKU036,2026-06-16,3
SKU036,2026-06-17,3
SKU036,2026-06-18,3
SKU036,2026-06-19,3
SKU036,2026-06-20,3
SKU036,2026-06-21,3
SKU036,2026-06-22,3
SKU036,2026-06-23,3
SKU036,2026-06-24,3
SKU036,2026-06-25,3
SKU036,2026-06-26,3
SKU036,2026-06-27,3
SKU036,2026-06-28,3
SKU036,2026-06-29,3
SKU036,2026-06-30,3
SKU036,2026-07-01,3
SKU036,2026-07-02,3
SKU036,2026-07-03,3
SKU036,2026-07-04,3
SKU036,2026-07-05,3
SKU036,2026-07-06,3
SKU036,2026-07-07,3
SKU036,2026-07-08,3
SKU036,2026-07-09,3
SKU036,2026-07-10,3
SKU036,2026-07-11,3
SKU036,2026-07-12,3
SKU036,2026-07-13,3
SKU036,2026-07-14,3
SKU036,2026-07-15,3
SKU036,2026-07-16,3
SKU036,2026-07-17,3
SKU036,2026-07-18,3
SKU036,2026-07-19,3
SKU036,2026-07-20,3
SKU036,2026-07-21,3
SKU036,2026-07-22,3
SKU036,2026-07-23,3
SKU036,2026-07-24,3
SKU036,2026-07-25,3
SKU036,2026-07-26,3
SKU036,2026-07-27,3
SKU036,2026-07-28,3
SKU036,2026-07-29,3
SKU036,2026-07-30,3
SKU036,2026-07-31,3
SKU036,2026-08-01,3
SKU036,2026-08-02,3
SKU036,2026-08-03,3
SKU036,2026-08-04,3
SKU036,2026-08-05,3
SKU036,2026-08-06,3
SKU036,2026-08-07,3
SKU036,2026-08-08,3
SKU036,2026-08-09,3
SKU036,2026-08-10,3
SKU036,2026-08-11,3
SKU036,2026-08-12,3
SKU036,2026-08-13,3
SKU036,2026-08-14,3
SKU036,2026-08-15,3
SKU036,2026-08-16,3
SKU036,2026-08-17,3
SKU036,2026-08-18,3
SKU036,2026-08-19,3
SKU036,2026-08-20,3
SKU036,2026-08-21,3
SKU036,2026-08-22,3
SKU036,2026-08-23,3
SKU036,2026-08-24,3
SKU036,2026-08-25,3
SKU036,2026-08-26,3
SKU036,2026-08-27,3
SKU036,2026-08-28,3
SKU036,2026-08-29,3
SKU036,2026-08-30,3
SKU036,2026-08-31,3
SKU036,2026-09-01,3
SKU036,2026-09-02,3
SKU036,2026-09-03,3
SKU036,2026-09-04,3
SKU036,2026-09-05,3
SKU036,2026-09-06,3
SKU036,2026-09-07,3
SKU036,2026-09-08,3
SKU036,2026-09-09,3
SKU036,2026-09-10,3
SKU036,2026-09-11,3
SKU036,2026-09-12,3
SKU036,2026-09-13,3
SKU036,2026-09-14,3
SKU036,2026-09-15,3
SKU036,2026-09-16,3
SKU036,2026-09-17,3
SKU036,2026-09-18,3
SKU036,2026-09-19,3
SKU036,2026-09-20,3
SKU036,2026-09-21,3
SKU036,2026-09-22,3
SKU036,2026-09-23,3
SKU036,2026-09-24,3
SKU036,2026-09-25,3
SKU036,2026-09-26,3
SKU036,2026-09-27,3
SKU036,2026-09-28,3
SKU036,2026-09-29,3
SKU036,2026-09-30,3
SKU037,2026-04-04,3
SKU037,2026-04-05,3
SKU037,2026-04-06,3
SKU037,2026-04-07,3
SKU037,2026-04-08,3
SKU037,2026-04-09,3
SKU037,2026-04-10,3
SKU037,2026-04-11,3
SKU037,2026-04-12,3
SKU037,2026-04-13,3
SKU037,2026-04-14,3
SKU037,2026-04-15,3
SKU037,2026-04-16,3
SKU037,2026-04-17,3
SKU037,2026-04-18,3
SKU037,2026-04-19,3
SKU037,2026-04-20,3
SKU037,2026-04-21,3
SKU037,2026-04-22,3
SKU037,2026-04-23,3
SKU037,2026-04-24,3
SKU037,2026-04-25,3
SKU037,2026-04-26,3
SKU037,2026-04-27,3
SKU037,2026-04-28,3
SKU037,2026-04-29,3
SKU037,2026-04-30,3
SKU037,2026-05-01,3
SKU037,2026-05-02,3
SKU037,2026-05-03,3
SKU037,2026-05-04,3
SKU037,2026-05-05,3
SKU037,2026-05-06,3
SKU037,2026-05-07,3
SKU037,2026-05-08,3
SKU037,2026-05-09,3
SKU037,2026-05-10,3
SKU037,2026-05-11,3
SKU037,2026-05-12,3
SKU037,2026-05-13,3
SKU037,2026-05-14,3
SKU037,2026-05-15,3
SKU037,2026-05-16,3
SKU037,2026-05-17,3
SKU037,2026-05-18,3
SKU037,2026-05-19,3
SKU037,2026-05-20,3
SKU037,2026-05-21,3
SKU037,2026-05-22,3
SKU037,2026-05-23,3
SKU037,2026-05-24,3
SKU037,2026-05-25,3
SKU037,2026-05-26,3
SKU037,2026-05-27,3
SKU037,2026-05-28,3
SKU037,2026-05-29,3
SKU037,2026-05-30,3
SKU037,2026-05-31,3
SKU037,2026-06-01,3
SKU037,2026-06-02,3
SKU037,2026-06-03,3
SKU037,2026-06-04,3
SKU037,2026-06-05,3
SKU037,2026-06-06,3
SKU037,2026-06-07,3
SKU037,2026-06-08,3
SKU037,2026-06-09,3
SKU037,2026-06-10,3
SKU037,2026-06-11,3
SKU037,2026-06-12,3
SKU037,2026-06-13,3
SKU037,2026-06-14,3
SKU037,2026-06-15,3
SKU037,2026-06-16,3
SKU037,2026-06-17,3
SKU037,2026-06-18,3
SKU037,2026-06-19,3
SKU037,2026-06-20,3
SKU037,2026-06-21,3
SKU037,2026-06-22,3
SKU037,2026-06-23,3
SKU037,2026-06-24,3
SKU037,2026-06-25,3
SKU037,2026-06-26,3
SKU037,2026-06-27,3
SKU037,2026-06-28,3
SKU037,2026-06-29,3
SKU037,2026-06-30,3
SKU037,2026-07-01,3
SKU037,2026-07-02,3
SKU037,2026-07-03,3
SKU037,2026-07-04,3
SKU037,2026-07-05,3
SKU037,2026-07-06,3
SKU037,2026-07-07,3
SKU037,2026-07-08,3
SKU037,2026-07-09,3
SKU037,2026-07-10,3
SKU037,2026-07-11,3
SKU037,2026-07-12,3
SKU037,2026-07-13,3
SKU037,2026-07-14,3
SKU037,2026-07-15,3
SKU037,2026-07-16,3
SKU037,2026-07-17,3
SKU037,2026-07-18,3
SKU037,2026-07-19,3
SKU037,2026-07-20,3
SKU037,2026-07-21,3
SKU037,2026-07-22,3
SKU037,2026-07-23,3
SKU037,2026-07-24,3
SKU037,2026-07-25,3
SKU037,2026-07-26,3
SKU037,2026-07-27,3
SKU037,2026-07-28,3
SKU037,2026-07-29,3
SKU037,2026-07-30,3
SKU037,2026-07-31,3
SKU037,2026-08-01,3
SKU037,2026-08-02,3
SKU037,2026-08-03,3
SKU037,2026-08-04,3
SKU037,2026-08-05,3
SKU037,2026-08-06,3
SKU037,2026-08-07,3
SKU037,2026-08-08,3
SKU037,2026-08-09,3
SKU037,2026-08-10,3
SKU037,2026-08-11,3
SKU037,2026-08-12,3
SKU037,2026-08-13,3
SKU037,2026-08-14,3
SKU037,2026-08-15,3
SKU037,2026-08-16,3
SKU037,2026-08-17,3
SKU037,2026-08-18,3
SKU037,2026-08-19,3
SKU037,2026-08-20,3
SKU037,2026-08-21,3
SKU037,2026-08-22,3
SKU037,2026-08-23,3
SKU037,2026-08-24,3
SKU037,2026-08-25,3
SKU037,2026-08-26,3
SKU037,2026-08-27,3
SKU037,2026-08-28,3
SKU037,2026-08-29,3
SKU037,2026-08-30,3
SKU037,2026-08-31,3
SKU037,2026-09-01,3
SKU037,2026-09-02,3
SKU037,2026-09-03,3
SKU037,2026-09-04,3
SKU037,2026-09-05,3
SKU037,2026-09-06,3
SKU037,2026-09-07,3
SKU037,2026-09-08,3
SKU037,2026-09-09,3
SKU037,2026-09-10,3
SKU037,2026-09-11,3
SKU037,2026-09-12,3
SKU037,2026-09-13,3
SKU037,2026-09-14,3
SKU037,2026-09-15,3
SKU037,2026-09-16,3
SKU037,2026-09-17,3
SKU037,2026-09-18,3
SKU037,2026-09-19,3
SKU037,2026-09-20,3
SKU037,2026-09-21,3
SKU037,2026-09-22,3
SKU037,2026-09-23,3
SKU037,2026-09-24,3
SKU037,2026-09-25,3
SKU037,2026-09-26,3
SKU037,2026-09-27,3
SKU037,2026-09-28,3
SKU037,2026-09-29,3
SKU037,2026-09-30,3
SKU038,2026-04-06,1
SKU038,2026-04-07,2
SKU038,2026-04-13,2
SKU038,2026-04-14,1
SKU038,2026-04-18,2
SKU038,2026-04-20,1
SKU038,2026-04-21,1
SKU038,2026-04-22,1
SKU038,2026-04-23,1
SKU039,2026-04-04,3
SKU039,2026-04-05,3
SKU039,2026-04-06,3
SKU039,2026-04-07,3
SKU039,2026-04-08,3
SKU039,2026-04-09,3
SKU039,2026-04-10,3
SKU039,2026-04-11,3
SKU039,2026-04-12,3
SKU039,2026-04-13,3
SKU039,2026-04-14,3
SKU039,2026-04-15,3
SKU039,2026-04-16,3
SKU039,2026-04-17,3
SKU039,2026-04-18,3
SKU039,2026-04-19,3
SKU039,2026-04-20,3
SKU039,2026-04-21,3
SKU039,2026-04-22,3
SKU039,2026-04-23,3
SKU039,2026-04-24,3
SKU039,2026-04-25,3
SKU039,2026-04-26,3
SKU039,2026-04-27,3
SKU039,2026-04-28,3
SKU039,2026-04-29,3
SKU039,2026-04-30,3
SKU039,2026-05-01,3
SKU039,2026-05-02,3
SKU039,2026-05-03,3
SKU039,2026-05-04,3
SKU039,2026-05-05,3
SKU039,2026-05-06,3
SKU039,2026-05-07,3
SKU039,2026-05-08,3
SKU039,2026-05-09,3
SKU039,2026-05-10,3
SKU039,2026-05-11,3
SKU039,2026-05-12,3
SKU039,2026-05-13,3
SKU039,2026-05-14,3
SKU039,2026-05-15,3
SKU039,2026-05-16,3
SKU039,2026-05-17,3
SKU039,2026-05-18,3
SKU039,2026-05-19,3
SKU039,2026-05-20,3
SKU039,2026-05-21,3
SKU039,2026-05-22,3
SKU039,2026-05-23,3
SKU039,2026-05-24,3
SKU039,2026-05-25,3
SKU039,2026-05-26,3
SKU039,2026-05-27,3
SKU039,2026-05-28,3
SKU039,2026-05-29,3
SKU039,2026-05-30,3
SKU039,2026-05-31,3
SKU039,2026-06-01,3
SKU039,2026-06-02,3
SKU039,2026-06-03,3
SKU039,2026-06-04,3
SKU039,2026-06-05,3
SKU039,2026-06-06,3
SKU039,2026-06-07,3
SKU039,2026-06-08,3
SKU039,2026-06-09,3
SKU039,2026-06-10,3
SKU039,2026-06-11,3
SKU039,2026-06-12,3
SKU039,2026-06-13,3
SKU039,2026-06-14,3
SKU039,2026-06-15,3
SKU039,2026-06-16,3
SKU039,2026-06-17,3
SKU039,2026-06-18,3
SKU039,2026-06-19,3
SKU039,2026-06-20,3
SKU039,2026-06-21,3
SKU039,2026-06-22,3
SKU039,2026-06-23,3
SKU039,2026-06-24,3
SKU039,2026-06-25,3
SKU039,2026-06-26,3
SKU039,2026-06-27,3
SKU039,2026-06-28,3
SKU039,2026-06-29,3
SKU039,2026-06-30,3
SKU039,2026-07-01,3
SKU039,2026-07-02,3
SKU039,2026-07-03,3
SKU039,2026-07-04,3
SKU039,2026-07-05,3
SKU039,2026-07-06,3
SKU039,2026-07-07,3
SKU039,2026-07-08,3
SKU039,2026-07-09,3
SKU039,2026-07-10,3
SKU039,2026-07-11,3
SKU039,2026-07-12,3
SKU039,2026-07-13,3
SKU039,2026-07-14,3
SKU039,2026-07-15,3
SKU039,2026-07-16,3
SKU039,2026-07-17,3
SKU039,2026-07-18,3
SKU039,2026-07-19,3
SKU039,2026-07-20,3
SKU039,2026-07-21,3
SKU039,2026-07-22,3
SKU039,2026-07-23,3
SKU039,2026-07-24,3
SKU039,2026-07-25,3
SKU039,2026-07-26,3
SKU039,2026-07-27,3
SKU039,2026-07-28,3
SKU039,2026-07-29,3
SKU039,2026-07-30,3
SKU039,2026-07-31,3
SKU039,2026-08-01,3
SKU039,2026-08-02,3
SKU039,2026-08-03,3
SKU039,2026-08-04,3
SKU039,2026-08-05,3
SKU039,2026-08-06,3
SKU039,2026-08-07,3
SKU039,2026-08-08,3
SKU039,2026-08-09,3
SKU039,2026-08-10,3
SKU039,2026-08-11,3
SKU039,2026-08-12,3
SKU039,2026-08-13,3
SKU039,2026-08-14,3
SKU039,2026-08-15,3
SKU039,2026-08-16,3
SKU039,2026-08-17,3
SKU039,2026-08-18,3
SKU039,2026-08-19,3
SKU039,2026-08-20,3
SKU039,2026-08-21,3
SKU039,2026-08-22,3
SKU039,2026-08-23,3
SKU039,2026-08-24,3
SKU039,2026-08-25,3
SKU039,2026-08-26,3
SKU039,2026-08-27,3
SKU039,2026-08-28,3
SKU039,2026-08-29,3
SKU039,2026-08-30,3
SKU039,2026-08-31,3
SKU039,2026-09-01,3
SKU039,2026-09-02,3
SKU039,2026-09-03,3
SKU039,2026-09-04,3
SKU039,2026-09-05,3
SKU039,2026-09-06,3
SKU039,2026-09-07,3
SKU039,2026-09-08,3
SKU039,2026-09-09,3
SKU039,2026-09-10,3
SKU039,2026-09-11,3
SKU039,2026-09-12,3
SKU039,2026-09-13,3
SKU039,2026-09-14,3
SKU039,2026-09-15,3
SKU039,2026-09-16,3
SKU039,2026-09-17,3
SKU039,2026-09-18,3
SKU039,2026-09-19,3
SKU039,2026-09-20,3
SKU039,2026-09-21,3
SKU039,2026-09-22,3
SKU039,2026-09-23,3
SKU039,2026-09-24,3
SKU039,2026-09-25,3
SKU039,2026-09-26,3
SKU039,2026-09-27,3
SKU039,2026-09-28,3
SKU039,2026-09-29,3
SKU039,2026-09-30,3
SKU040,2026-04-04,1
SKU040,2026-04-06,3
SKU040,2026-04-07,2
SKU040,2026-04-08,2
SKU040,2026-04-09,2
SKU040,2026-04-10,3
SKU040,2026-04-11,3
SKU040,2026-04-12,1
SKU040,2026-04-13,1
SKU040,2026-04-14,3
SKU040,2026-04-15,2
SKU040,2026-04-16,2
SKU040,2026-04-17,2
SKU040,2026-04-18,2
SKU040,2026-04-19,2
SKU040,2026-04-20,3
SKU040,2026-04-21,2
SKU040,2026-04-23,1
SKU040,2026-04-24,1
SKU040,2026-04-25,1
SKU040,2026-04-26,3
SKU040,2026-04-27,1
SKU040,2026-04-28,1
SKU040,2026-04-29,1
SKU040,2026-04-30,2
SKU040,2026-05-01,2
SKU040,2026-05-02,2
SKU040,2026-05-03,2
SKU040,2026-05-04,2
SKU040,2026-05-06,2
SKU040,2026-05-07,3
SKU040,2026-05-08,3
SKU040,2026-05-09,2
SKU040,2026-05-10,2
SKU040,2026-05-11,2
SKU040,2026-05-12,2
SKU040,2026-05-13,1
SKU040,2026-05-14,3
SKU040,2026-05-15,3
SKU040,2026-05-16,2
SKU040,2026-05-17,2
SKU040,2026-05-18,1
SKU040,2026-05-19,3
SKU040,2026-05-20,3
SKU040,2026-05-22,2
SKU040,2026-05-23,1
SKU040,2026-05-24,3
SKU040,2026-05-25,1
SKU040,2026-05-26,2
SKU040,2026-05-27,3
SKU040,2026-05-28,2
SKU040,2026-05-29,2
SKU040,2026-05-30,1
SKU040,2026-05-31,3
SKU040,2026-06-01,3
SKU040,2026-06-02,2
SKU040,2026-06-03,1
SKU040,2026-06-04,2
SKU040,2026-06-05,1
SKU040,2026-06-06,3
SKU040,2026-06-07,2
SKU040,2026-06-08,2
SKU040,2026-06-09,2
SKU040,2026-06-10,1
SKU040,2026-06-11,2
SKU040,2026-06-13,3
SKU040,2026-06-14,2
SKU040,2026-06-15,3
SKU040,2026-06-16,2
SKU040,2026-06-18,1
SKU040,2026-06-19,2
SKU040,2026-06-20,1
SKU040,2026-06-21,1
SKU040,2026-06-22,1
SKU040,2026-06-23,2
SKU040,2026-06-24,1
SKU040,2026-06-25,2
SKU040,2026-06-26,3
SKU040,2026-06-27,2
SKU040,2026-06-28,3
SKU040,2026-06-29,2
SKU040,2026-06-30,2
SKU040,2026-07-01,1
SKU040,2026-07-03,2
SKU040,2026-07-04,1
SKU040,2026-07-05,3
SKU040,2026-07-06,1
SKU040,2026-07-08,2
SKU040,2026-07-09,1
SKU040,2026-07-10,2
SKU040,2026-07-11,2
SKU040,2026-07-13,2
SKU040,2026-07-14,1
SKU040,2026-07-15,1
SKU040,2026-07-16,2
SKU040,2026-07-17,2
SKU040,2026-07-18,3
SKU040,2026-07-19,1
SKU040,2026-07-21,1
SKU040,2026-07-22,1
SKU040,2026-07-23,1
SKU040,2026-07-24,3
SKU040,2026-07-25,2
SKU040,2026-07-26,2
SKU040,2026-07-27,1
SKU040,2026-07-28,2
SKU040,2026-07-29,2
SKU040,2026-07-30,3
SKU040,2026-07-31,3
SKU040,2026-08-02,3
SKU040,2026-08-03,2
SKU040,2026-08-04,1
SKU040,2026-08-05,2
SKU040,2026-08-06,2
SKU040,2026-08-07,2
SKU040,2026-08-08,1
SKU040,2026-08-09,3
SKU040,2026-08-10,3
SKU040,2026-08-11,2
SKU040,2026-08-12,3
SKU040,2026-08-13,2
SKU040,2026-08-14,1
SKU040,2026-08-15,1
SKU040,2026-08-16,1
SKU040,2026-08-17,2
SKU040,2026-08-18,2
SKU040,2026-08-19,3
SKU040,2026-08-20,1
SKU040,2026-08-21,3
SKU040,2026-08-22,3
SKU040,2026-08-25,2
SKU040,2026-08-26,2
SKU040,2026-08-27,2
SKU040,2026-08-28,1
SKU040,2026-08-30,2
SKU040,2026-09-01,2
SKU040,2026-09-02,1
SKU040,2026-09-03,1
SKU040,2026-09-04,1
SKU040,2026-09-05,1
SKU040,2026-09-06,2
SKU040,2026-09-07,1
SKU040,2026-09-08,2
SKU040,2026-09-09,2
SKU040,2026-09-10,2
SKU040,2026-09-11,1
SKU040,2026-09-12,2
SKU040,2026-09-13,3
SKU040,2026-09-14,3
SKU040,2026-09-15,2
SKU040,2026-09-16,3
SKU040,2026-09-17,2
SKU040,2026-09-18,2
SKU040,2026-09-19,1
SKU040,2026-09-20,2
SKU040,2026-09-21,1
SKU040,2026-09-22,2
SKU040,2026-09-23,1
SKU040,2026-09-25,2
SKU040,2026-09-26,3
SKU040,2026-09-27,3
SKU040,2026-09-28,2
SKU040,2026-09-30,2
SKU041,2026-04-04,3
SKU041,2026-04-05,2
SKU041,2026-04-06,3
SKU041,2026-04-07,2
SKU041,2026-04-08,3
SKU041,2026-04-09,2
SKU041,2026-04-10,3
SKU041,2026-04-11,3
SKU041,2026-04-12,3
SKU041,2026-04-13,3
SKU041,2026-04-14,3
SKU041,2026-04-15,2
SKU041,2026-04-16,2
SKU041,2026-04-17,3
SKU041,2026-04-18,3
SKU041,2026-04-19,2
SKU041,2026-04-20,3
SKU041,2026-04-21,3
SKU041,2026-04-22,1
SKU041,2026-04-23,3
SKU041,2026-04-24,3
SKU041,2026-04-25,3
SKU041,2026-04-26,3
SKU041,2026-04-27,3
SKU041,2026-04-28,3
SKU041,2026-04-29,2
SKU041,2026-04-30,2
SKU041,2026-05-01,3
SKU041,2026-05-02,2
SKU041,2026-05-03,2
SKU041,2026-05-04,1
SKU041,2026-05-05,2
SKU041,2026-05-06,3
SKU041,2026-05-07,2
SKU041,2026-05-08,2
SKU041,2026-05-09,2
SKU041,2026-05-10,3
SKU041,2026-05-11,3
SKU041,2026-05-12,2
SKU041,2026-05-13,3
SKU041,2026-05-14,3
SKU041,2026-05-15,3
SKU041,2026-05-16,3
SKU041,2026-05-17,3
SKU041,2026-05-18,3
SKU041,2026-05-19,3
SKU041,2026-05-20,3
SKU041,2026-05-21,3
SKU041,2026-05-22,3
SKU041,2026-05-23,2
SKU041,2026-05-24,3
SKU041,2026-05-25,3
SKU041,2026-05-26,3
SKU041,2026-05-27,2
SKU041,2026-05-28,2
SKU041,2026-05-29,3
SKU041,2026-05-30,3
SKU041,2026-05-31,3
SKU041,2026-06-01,2
SKU041,2026-06-02,3
SKU041,2026-06-03,3
SKU041,2026-06-04,3
SKU041,2026-06-05,2
SKU041,2026-06-06,3
SKU041,2026-06-07,3
SKU041,2026-06-08,3
SKU041,2026-06-09,2
SKU041,2026-06-10,3
SKU041,2026-06-11,3
SKU041,2026-06-12,3
SKU041,2026-06-13,3
SKU041,2026-06-14,3
SKU041,2026-06-15,3
SKU041,2026-06-16,3
SKU041,2026-06-17,2
SKU041,2026-06-18,2
SKU041,2026-06-19,3
SKU041,2026-06-20,2
SKU041,2026-06-21,2
SKU041,2026-06-22,3
SKU041,2026-06-23,3
SKU041,2026-06-24,3
SKU041,2026-06-25,3
SKU041,2026-06-26,3
SKU041,2026-06-27,2
SKU041,2026-06-28,3
SKU041,2026-06-29,3
SKU041,2026-06-30,3
SKU041,2026-07-01,3
SKU041,2026-07-02,3
SKU041,2026-07-03,1
SKU041,2026-07-04,2
SKU041,2026-07-05,3
SKU041,2026-07-06,3
SKU041,2026-07-07,3
SKU041,2026-07-08,3
SKU041,2026-07-09,3
SKU041,2026-07-10,3
SKU041,2026-07-11,3
SKU041,2026-07-12,2
SKU041,2026-07-13,3
SKU041,2026-07-14,3
SKU041,2026-07-15,3
SKU041,2026-07-16,2
SKU041,2026-07-17,3
SKU041,2026-07-18,2
SKU041,2026-07-19,2
SKU041,2026-07-20,3
SKU041,2026-07-21,3
SKU041,2026-07-22,3
SKU041,2026-07-23,3
SKU041,2026-07-24,3
SKU041,2026-07-25,3
SKU041,2026-07-26,3
SKU041,2026-07-27,2
SKU041,2026-07-28,2
SKU041,2026-07-29,3
SKU041,2026-07-30,3
SKU041,2026-07-31,2
SKU041,2026-08-01,2
SKU041,2026-08-02,3
SKU041,2026-08-03,3
SKU041,2026-08-04,2
SKU041,2026-08-05,3
SKU041,2026-08-06,2
SKU041,2026-08-07,2
SKU041,2026-08-08,2
SKU041,2026-08-09,3
SKU041,2026-08-10,3
SKU041,2026-08-11,3
SKU041,2026-08-12,3
SKU041,2026-08-13,3
SKU041,2026-08-14,1
SKU041,2026-08-15,3
SKU041,2026-08-16,2
SKU041,2026-08-17,3
SKU041,2026-08-18,2
SKU041,2026-08-19,3
SKU041,2026-08-20,3
SKU041,2026-08-21,2
SKU041,2026-08-22,3
SKU041,2026-08-23,3
SKU041,2026-08-24,2
SKU041,2026-08-25,3
SKU041,2026-08-26,2
SKU041,2026-08-27,3
SKU041,2026-08-28,2
SKU041,2026-08-29,3
SKU041,2026-08-30,3
SKU041,2026-08-31,2
SKU041,2026-09-01,3
SKU041,2026-09-02,1
SKU041,2026-09-03,3
SKU041,2026-09-04,3
SKU041,2026-09-05,3
SKU041,2026-09-06,3
SKU041,2026-09-07,1
SKU041,2026-09-08,3
SKU041,2026-09-09,3
SKU041,2026-09-10,3
SKU041,2026-09-11,3
SKU041,2026-09-12,2
SKU041,2026-09-13,3
SKU041,2026-09-14,3
SKU041,2026-09-15,3
SKU041,2026-09-16,3
SKU041,2026-09-17,2
SKU041,2026-09-18,3
SKU041,2026-09-19,3
SKU041,2026-09-20,1
SKU041,2026-09-21,3
SKU041,2026-09-22,3
SKU041,2026-09-23,3
SKU041,2026-09-24,2
SKU041,2026-09-25,2
SKU041,2026-09-26,3
SKU041,2026-09-27,3
SKU041,2026-09-28,3
SKU041,2026-09-29,3
SKU041,2026-09-30,3
SKU042,2026-04-04,3
SKU042,2026-04-05,3
SKU042,2026-04-06,3
SKU042,2026-04-07,1
SKU042,2026-04-08,2
SKU042,2026-04-09,1
SKU042,2026-04-10,2
SKU042,2026-04-11,3
SKU042,2026-04-12,2
SKU042,2026-04-13,1
SKU042,2026-04-14,2
SKU042,2026-04-15,3
SKU042,2026-04-16,2
SKU042,2026-04-17,2
SKU042,2026-04-18,1
SKU042,2026-04-19,3
SKU042,2026-04-20,1
SKU042,2026-04-21,3
SKU042,2026-04-22,2
SKU042,2026-04-23,2
SKU042,2026-04-24,1
SKU042,2026-04-25,3
SKU042,2026-04-26,2
SKU042,2026-04-27,3
SKU042,2026-04-28,2
SKU042,2026-04-29,2
SKU042,2026-04-30,2
SKU042,2026-05-01,2
SKU042,2026-05-02,3
SKU042,2026-05-03,2
SKU042,2026-05-04,1
SKU042,2026-05-05,2
SKU042,2026-05-06,2
SKU042,2026-05-07,1
SKU042,2026-05-08,2
SKU042,2026-05-09,2
SKU042,2026-05-10,3
SKU042,2026-05-11,2
SKU042,2026-05-12,2
SKU042,2026-05-13,2
SKU042,2026-05-14,2
SKU042,2026-05-15,2
SKU042,2026-05-16,1
SKU042,2026-05-17,3
SKU042,2026-05-18,3
SKU042,2026-05-19,2
SKU042,2026-05-20,2
SKU042,2026-05-21,2
SKU042,2026-05-22,2
SKU042,2026-05-23,3
SKU042,2026-05-24,2
SKU042,2026-05-25,3
SKU042,2026-05-26,1
SKU042,2026-05-27,2
SKU042,2026-05-28,3
SKU042,2026-05-29,3
SKU042,2026-05-30,3
SKU042,2026-05-31,2
SKU042,2026-06-01,3
SKU042,2026-06-02,2
SKU042,2026-06-03,2
SKU042,2026-06-04,2
SKU042,2026-06-05,2
SKU042,2026-06-06,1
SKU042,2026-06-07,2
SKU042,2026-06-08,3
SKU042,2026-06-09,2
SKU042,2026-06-11,2
SKU042,2026-06-12,3
SKU042,2026-06-13,3
SKU042,2026-06-14,3
SKU042,2026-06-15,3
SKU042,2026-06-16,3
SKU042,2026-06-17,2
SKU042,2026-06-18,3
SKU042,2026-06-19,2
SKU042,2026-06-20,2
SKU042,2026-06-21,3
SKU042,2026-06-22,2
SKU042,2026-06-23,3
SKU042,2026-06-24,2
SKU042,2026-06-25,3
SKU042,2026-06-26,1
SKU042,2026-06-27,3
SKU042,2026-06-28,1
SKU042,2026-06-29,3
SKU042,2026-06-30,2
SKU042,2026-07-01,3
SKU042,2026-07-02,2
SKU042,2026-07-03,2
SKU042,2026-07-04,2
SKU042,2026-07-05,3
SKU042,2026-07-06,2
SKU042,2026-07-07,2
SKU042,2026-07-08,3
SKU042,2026-07-09,2
SKU042,2026-07-10,1
SKU042,2026-07-11,2
SKU042,2026-07-12,3
SKU042,2026-07-13,3
SKU042,2026-07-14,2
SKU042,2026-07-16,3
SKU042,2026-07-17,2
SKU042,2026-07-18,2
SKU042,2026-07-19,2
SKU042,2026-07-20,1
SKU042,2026-07-21,1
SKU042,2026-07-22,3
SKU042,2026-07-23,2
SKU042,2026-07-24,2
SKU042,2026-07-25,2
SKU042,2026-07-26,1
SKU042,2026-07-27,3
SKU042,2026-07-28,3
SKU042,2026-07-29,2
SKU042,2026-07-30,2
SKU042,2026-07-31,3
SKU042,2026-08-01,2
SKU042,2026-08-02,3
SKU042,2026-08-03,3
SKU042,2026-08-04,2
SKU042,2026-08-05,2
SKU042,2026-08-06,2
SKU042,2026-08-07,2
SKU042,2026-08-08,2
SKU042,2026-08-09,2
SKU042,2026-08-10,1
SKU042,2026-08-11,2
SKU042,2026-08-12,3
SKU042,2026-08-13,3
SKU042,2026-08-14,2
SKU042,2026-08-15,3
SKU042,2026-08-16,1
SKU042,2026-08-17,2
SKU042,2026-08-18,2
SKU042,2026-08-19,3
SKU042,2026-08-20,3
SKU042,2026-08-21,3
SKU042,2026-08-22,3
SKU042,2026-08-23,1
SKU042,2026-08-24,2
SKU042,2026-08-25,2
SKU042,2026-08-26,2
SKU042,2026-08-27,2
SKU042,2026-08-28,2
SKU042,2026-08-29,2
SKU042,2026-08-30,3
SKU042,2026-08-31,2
SKU042,2026-09-01,2
SKU042,2026-09-02,2
SKU042,2026-09-03,2
SKU042,2026-09-04,2
SKU042,2026-09-05,3
SKU042,2026-09-06,2
SKU042,2026-09-07,3
SKU042,2026-09-08,2
SKU042,2026-09-09,3
SKU042,2026-09-10,2
SKU042,2026-09-11,3
SKU042,2026-09-12,3
SKU042,2026-09-13,2
SKU042,2026-09-14,1
SKU042,2026-09-15,3
SKU042,2026-09-16,3
SKU042,2026-09-17,2
SKU042,2026-09-18,2
SKU042,2026-09-19,3
SKU042,2026-09-20,3
SKU042,2026-09-21,3
SKU042,2026-09-22,2
SKU042,2026-09-23,1
SKU042,2026-09-25,1
SKU042,2026-09-26,2
SKU042,2026-09-27,1
SKU042,2026-09-28,1
SKU042,2026-09-29,2
SKU042,2026-09-30,3
SKU043,2026-04-04,3
SKU043,2026-04-05,3
SKU043,2026-04-06,3
SKU043,2026-04-07,3
SKU043,2026-04-08,3
SKU043,2026-04-09,3
SKU043,2026-04-10,3
SKU043,2026-04-11,3
SKU043,2026-04-12,3
SKU043,2026-04-13,3
SKU043,2026-04-14,3
SKU043,2026-04-15,3
SKU043,2026-04-16,3
SKU043,2026-04-17,3
SKU043,2026-04-18,3
SKU043,2026-04-19,3
SKU043,2026-04-20,3
SKU043,2026-04-21,3
SKU043,2026-04-22,3
SKU043,2026-04-23,3
SKU043,2026-04-24,3
SKU043,2026-04-25,3
SKU043,2026-04-26,3
SKU043,2026-04-27,3
SKU043,2026-04-28,3
SKU043,2026-04-29,3
SKU043,2026-04-30,3
SKU043,2026-05-01,3
SKU043,2026-05-02,3
SKU043,2026-05-03,3
SKU043,2026-05-04,3
SKU043,2026-05-05,3
SKU043,2026-05-06,3
SKU043,2026-05-07,3
SKU043,2026-05-08,3
SKU043,2026-05-09,3
SKU043,2026-05-10,3
SKU043,2026-05-11,3
SKU043,2026-05-12,3
SKU043,2026-05-13,3
SKU043,2026-05-14,3
SKU043,2026-05-15,3
SKU043,2026-05-16,3
SKU043,2026-05-17,3
SKU043,2026-05-18,3
SKU043,2026-05-19,3
SKU043,2026-05-20,3
SKU043,2026-05-21,3
SKU043,2026-05-22,3
SKU043,2026-05-23,3
SKU043,2026-05-24,3
SKU043,2026-05-25,3
SKU043,2026-05-26,3
SKU043,2026-05-27,3
SKU043,2026-05-28,3
SKU043,2026-05-29,3
SKU043,2026-05-30,3
SKU043,2026-05-31,3
SKU043,2026-06-01,3
SKU043,2026-06-02,3
SKU043,2026-06-03,3
SKU043,2026-06-04,3
SKU043,2026-06-05,3
SKU043,2026-06-06,3
SKU043,2026-06-07,3
SKU043,2026-06-08,3
SKU043,2026-06-09,3
SKU043,2026-06-10,3
SKU043,2026-06-11,3
SKU043,2026-06-12,3
SKU043,2026-06-13,3
SKU043,2026-06-14,3
SKU043,2026-06-15,3
SKU043,2026-06-16,3
SKU043,2026-06-17,3
SKU043,2026-06-18,3
SKU043,2026-06-19,3
SKU043,2026-06-20,3
SKU043,2026-06-21,3
SKU043,2026-06-22,3
SKU043,2026-06-23,3
SKU043,2026-06-24,3
SKU043,2026-06-25,3
SKU043,2026-06-26,3
SKU043,2026-06-27,3
SKU043,2026-06-28,3
SKU043,2026-06-29,3
SKU043,2026-06-30,3
SKU043,2026-07-01,3
SKU043,2026-07-02,3
SKU043,2026-07-03,3
SKU043,2026-07-04,3
SKU043,2026-07-05,3
SKU043,2026-07-06,3
SKU043,2026-07-07,3
SKU043,2026-07-08,3
SKU043,2026-07-09,3
SKU043,2026-07-10,3
SKU043,2026-07-11,3
SKU043,2026-07-12,3
SKU043,2026-07-13,3
SKU043,2026-07-14,3
SKU043,2026-07-15,3
SKU043,2026-07-16,3
SKU043,2026-07-17,3
SKU043,2026-07-18,3
SKU043,2026-07-19,3
SKU043,2026-07-20,3
SKU043,2026-07-21,3
SKU043,2026-07-22,3
SKU043,2026-07-23,3
SKU043,2026-07-24,3
SKU043,2026-07-25,3
SKU043,2026-07-26,3
SKU043,2026-07-27,3
SKU043,2026-07-28,3
SKU043,2026-07-29,3
SKU043,2026-07-30,3
SKU043,2026-07-31,3
SKU043,2026-08-01,3
SKU043,2026-08-02,3
SKU043,2026-08-03,3
SKU043,2026-08-04,3
SKU043,2026-08-05,3
SKU043,2026-08-06,3
SKU043,2026-08-07,3
SKU043,2026-08-08,3
SKU043,2026-08-09,3
SKU043,2026-08-10,3
SKU043,2026-08-11,3
SKU043,2026-08-12,3
SKU043,2026-08-13,3
SKU043,2026-08-14,3
SKU043,2026-08-15,3
SKU043,2026-08-16,3
SKU043,2026-08-17,3
SKU043,2026-08-18,3
SKU043,2026-08-19,3
SKU043,2026-08-20,3
SKU043,2026-08-21,3
SKU043,2026-08-22,3
SKU043,2026-08-23,3
SKU043,2026-08-24,3
SKU043,2026-08-25,3
SKU043,2026-08-26,3
SKU043,2026-08-27,3
SKU043,2026-08-28,3
SKU043,2026-08-29,3
SKU043,2026-08-30,3
SKU043,2026-08-31,3
SKU043,2026-09-01,3
SKU043,2026-09-02,3
SKU043,2026-09-03,3
SKU043,2026-09-04,3
SKU043,2026-09-05,3
SKU043,2026-09-06,3
SKU043,2026-09-07,3
SKU043,2026-09-08,3
SKU043,2026-09-09,3
SKU043,2026-09-10,3
SKU043,2026-09-11,3
SKU043,2026-09-12,3
SKU043,2026-09-13,3
SKU043,2026-09-14,3
SKU043,2026-09-15,3
SKU043,2026-09-16,3
SKU043,2026-09-17,3
SKU043,2026-09-18,3
SKU043,2026-09-19,3
SKU043,2026-09-20,3
SKU043,2026-09-21,3
SKU043,2026-09-22,3
SKU043,2026-09-23,3
SKU043,2026-09-24,3
SKU043,2026-09-25,3
SKU043,2026-09-26,3
SKU043,2026-09-27,3
SKU043,2026-09-28,3
SKU043,2026-09-29,3
SKU043,2026-09-30,3
SKU044,2026-04-04,3
SKU044,2026-04-05,3
SKU044,2026-04-06,3
SKU044,2026-04-07,3
SKU044,2026-04-08,3
SKU044,2026-04-09,3
SKU044,2026-04-10,2
SKU044,2026-04-11,3
SKU044,2026-04-12,3
SKU044,2026-04-13,3
SKU044,2026-04-14,3
SKU044,2026-04-15,3
SKU044,2026-04-16,3
SKU044,2026-04-17,3
SKU044,2026-04-18,3
SKU044,2026-04-19,3
SKU044,2026-04-20,3
SKU044,2026-04-21,3
SKU044,2026-04-22,3
SKU044,2026-04-23,3
SKU044,2026-04-24,3
SKU044,2026-04-25,3
SKU044,2026-04-26,3
SKU044,2026-04-27,3
SKU044,2026-04-28,3
SKU044,2026-04-29,3
SKU044,2026-04-30,3
SKU044,2026-05-01,3
SKU044,2026-05-02,2
SKU044,2026-05-03,3
SKU044,2026-05-04,3
SKU044,2026-05-05,3
SKU044,2026-05-06,3
SKU044,2026-05-07,3
SKU044,2026-05-08,3
SKU044,2026-05-09,3
SKU044,2026-05-10,2
SKU044,2026-05-11,3
SKU044,2026-05-12,3
SKU044,2026-05-13,3
SKU044,2026-05-14,3
SKU044,2026-05-15,3
SKU044,2026-05-16,3
SKU044,2026-05-17,3
SKU044,2026-05-18,3
SKU044,2026-05-19,3
SKU044,2026-05-20,3
SKU044,2026-05-21,3
SKU044,2026-05-22,3
SKU044,2026-05-23,3
SKU044,2026-05-24,3
SKU044,2026-05-25,3
SKU044,2026-05-26,3
SKU044,2026-05-27,3
SKU044,2026-05-28,3
SKU044,2026-05-29,3
SKU044,2026-05-30,3
SKU044,2026-05-31,3
SKU044,2026-06-01,3
SKU044,2026-06-02,3
SKU044,2026-06-03,3
SKU044,2026-06-04,3
SKU044,2026-06-05,3
SKU044,2026-06-06,3
SKU044,2026-06-07,3
SKU044,2026-06-08,3
SKU044,2026-06-09,3
SKU044,2026-06-10,3
SKU044,2026-06-11,3
SKU044,2026-06-12,3
SKU044,2026-06-13,3
SKU044,2026-06-14,3
SKU044,2026-06-15,3
SKU044,2026-06-16,3
SKU044,2026-06-17,3
SKU044,2026-06-18,3
SKU044,2026-06-19,3
SKU044,2026-06-20,3
SKU044,2026-06-21,3
SKU044,2026-06-22,3
SKU044,2026-06-23,3
SKU044,2026-06-24,3
SKU044,2026-06-25,3
SKU044,2026-06-26,3
SKU044,2026-06-27,3
SKU044,2026-06-28,3
SKU044,2026-06-29,3
SKU044,2026-06-30,3
SKU044,2026-07-01,2
SKU044,2026-07-02,3
SKU044,2026-07-03,2
SKU044,2026-07-04,3
SKU044,2026-07-05,3
SKU044,2026-07-06,3
SKU044,2026-07-07,3
SKU044,2026-07-08,3
SKU044,2026-07-09,3
SKU044,2026-07-10,3
SKU044,2026-07-11,3
SKU044,2026-07-12,3
SKU044,2026-07-13,3
SKU044,2026-07-14,3
SKU044,2026-07-15,3
SKU044,2026-07-16,3
SKU044,2026-07-17,3
SKU044,2026-07-18,3
SKU044,2026-07-19,3
SKU044,2026-07-20,3
SKU044,2026-07-21,3
SKU044,2026-07-22,3
SKU044,2026-07-23,3
SKU044,2026-07-24,3
SKU044,2026-07-25,3
SKU044,2026-07-26,3
SKU044,2026-07-27,3
SKU044,2026-07-28,3
SKU044,2026-07-29,3
SKU044,2026-07-30,3
SKU044,2026-07-31,3
SKU044,2026-08-01,3
SKU044,2026-08-02,3
SKU044,2026-08-03,3
SKU044,2026-08-04,3
SKU044,2026-08-05,3
SKU044,2026-08-06,3
SKU044,2026-08-07,3
SKU044,2026-08-08,3
SKU044,2026-08-09,3
SKU044,2026-08-10,3
SKU044,2026-08-11,3
SKU044,2026-08-12,3
SKU044,2026-08-13,3
SKU044,2026-08-14,3
SKU044,2026-08-15,3
SKU044,2026-08-16,3
SKU044,2026-08-17,3
SKU044,2026-08-18,3
SKU044,2026-08-19,3
SKU044,2026-08-20,3
SKU044,2026-08-21,3
SKU044,2026-08-22,3
SKU044,2026-08-23,3
SKU044,2026-08-24,3
SKU044,2026-08-25,3
SKU044,2026-08-26,3
SKU044,2026-08-27,3
SKU044,2026-08-28,3
SKU044,2026-08-29,3
SKU044,2026-08-30,3
SKU044,2026-08-31,3
SKU044,2026-09-01,3
SKU044,2026-09-02,3
SKU044,2026-09-03,3
SKU044,2026-09-04,3
SKU044,2026-09-05,3
SKU044,2026-09-06,3
SKU044,2026-09-07,3
SKU044,2026-09-08,3
SKU044,2026-09-09,3
SKU044,2026-09-10,3
SKU044,2026-09-11,3
SKU044,2026-09-12,3
SKU044,2026-09-13,3
SKU044,2026-09-14,3
SKU044,2026-09-15,3
SKU044,2026-09-16,3
SKU044,2026-09-17,3
SKU044,2026-09-18,3
SKU044,2026-09-19,3
SKU044,2026-09-20,3
SKU044,2026-09-21,3
SKU044,2026-09-22,3
SKU044,2026-09-23,3
SKU044,2026-09-24,3
SKU044,2026-09-25,3
SKU044,2026-09-26,3
SKU044,2026-09-27,3
SKU044,2026-09-28,3
SKU044,2026-09-29,3
SKU044,2026-09-30,3
SKU045,2026-04-04,3
SKU045,2026-04-05,3
SKU045,2026-04-06,3
SKU045,2026-04-07,3
SKU045,2026-04-08,3
SKU045,2026-04-09,3
SKU045,2026-04-10,3
SKU045,2026-04-11,3
SKU045,2026-04-12,3
SKU045,2026-04-13,3
SKU045,2026-04-14,3
SKU045,2026-04-15,3
SKU045,2026-04-16,3
SKU045,2026-04-17,3
SKU045,2026-04-18,3
SKU045,2026-04-19,3
SKU045,2026-04-20,3
SKU045,2026-04-21,3
SKU045,2026-04-22,3
SKU045,2026-04-23,3
SKU045,2026-04-24,3
SKU045,2026-04-25,3
SKU045,2026-04-26,3
SKU045,2026-04-27,3
SKU045,2026-04-28,3
SKU045,2026-04-29,3
SKU045,2026-04-30,3
SKU045,2026-05-01,3
SKU045,2026-05-02,3
SKU045,2026-05-03,3
SKU045,2026-05-04,3
SKU045,2026-05-05,3
SKU045,2026-05-06,3
SKU045,2026-05-07,3
SKU045,2026-05-08,3
SKU045,2026-05-09,3
SKU045,2026-05-10,3
SKU045,2026-05-11,3
SKU045,2026-05-12,3
SKU045,2026-05-13,3
SKU045,2026-05-14,3
SKU045,2026-05-15,3
SKU045,2026-05-16,3
SKU045,2026-05-17,3
SKU045,2026-05-18,3
SKU045,2026-05-19,3
SKU045,2026-05-20,3
SKU045,2026-05-21,3
SKU045,2026-05-22,3
SKU045,2026-05-23,3
SKU045,2026-05-24,3
SKU045,2026-05-25,3
SKU045,2026-05-26,3
SKU045,2026-05-27,3
SKU045,2026-05-28,3
SKU045,2026-05-29,3
SKU045,2026-05-30,3
SKU045,2026-05-31,3
SKU045,2026-06-01,3
SKU045,2026-06-02,3
SKU045,2026-06-03,3
SKU045,2026-06-04,3
SKU045,2026-06-05,3
SKU045,2026-06-06,3
SKU045,2026-06-07,3
SKU045,2026-06-08,3
SKU045,2026-06-09,3
SKU045,2026-06-10,3
SKU045,2026-06-11,3
SKU045,2026-06-12,3
SKU045,2026-06-13,3
SKU045,2026-06-14,3
SKU045,2026-06-15,3
SKU045,2026-06-16,3
SKU045,2026-06-17,3
SKU045,2026-06-18,3
SKU045,2026-06-19,3
SKU045,2026-06-20,3
SKU045,2026-06-21,3
SKU045,2026-06-22,3
SKU045,2026-06-23,3
SKU045,2026-06-24,3
SKU045,2026-06-25,3
SKU045,2026-06-26,3
SKU045,2026-06-27,3
SKU045,2026-06-28,3
SKU045,2026-06-29,3
SKU045,2026-06-30,3
SKU045,2026-07-01,3
SKU045,2026-07-02,3
SKU045,2026-07-03,3
SKU045,2026-07-04,3
SKU045,2026-07-05,3
SKU045,2026-07-06,3
SKU045,2026-07-07,3
SKU045,2026-07-08,3
SKU045,2026-07-09,3
SKU045,2026-07-10,3
SKU045,2026-07-11,3
SKU045,2026-07-12,3
SKU045,2026-07-13,3
SKU045,2026-07-14,3
SKU045,2026-07-15,3
SKU045,2026-07-16,3
SKU045,2026-07-17,3
SKU045,2026-07-18,3
SKU045,2026-07-19,3
SKU045,2026-07-20,3
SKU045,2026-07-21,3
SKU045,2026-07-22,3
SKU045,2026-07-23,3
SKU045,2026-07-24,3
SKU045,2026-07-25,3
SKU045,2026-07-26,3
SKU045,2026-07-27,3
SKU045,2026-07-28,3
SKU045,2026-07-29,3
SKU045,2026-07-30,3
SKU045,2026-07-31,3
SKU045,2026-08-01,3
SKU045,2026-08-02,3
SKU045,2026-08-03,3
SKU045,2026-08-04,3
SKU045,2026-08-05,3
SKU045,2026-08-06,3
SKU045,2026-08-07,3
SKU045,2026-08-08,3
SKU045,2026-08-09,3
SKU045,2026-08-10,3
SKU045,2026-08-11,3
SKU045,2026-08-12,3
SKU045,2026-08-13,3
SKU045,2026-08-14,3
SKU045,2026-08-15,3
SKU045,2026-08-16,3
SKU045,2026-08-17,3
SKU045,2026-08-18,3
SKU045,2026-08-19,3
SKU045,2026-08-20,3
SKU045,2026-08-21,3
SKU045,2026-08-22,3
SKU045,2026-08-23,3
SKU045,2026-08-24,3
SKU045,2026-08-25,3
SKU045,2026-08-26,3
SKU045,2026-08-27,3
SKU045,2026-08-28,3
SKU045,2026-08-29,3
SKU045,2026-08-30,3
SKU045,2026-08-31,3
SKU045,2026-09-01,3
SKU045,2026-09-02,3
SKU045,2026-09-03,3
SKU045,2026-09-04,3
SKU045,2026-09-05,3
SKU045,2026-09-06,3
SKU045,2026-09-07,3
SKU045,2026-09-08,3
SKU045,2026-09-09,3
SKU045,2026-09-10,3
SKU045,2026-09-11,3
SKU045,2026-09-12,3
SKU045,2026-09-13,3
SKU045,2026-09-14,3
SKU045,2026-09-15,3
SKU045,2026-09-16,3
SKU045,2026-09-17,3
SKU045,2026-09-18,3
SKU045,2026-09-19,3
SKU045,2026-09-20,3
SKU045,2026-09-21,3
SKU045,2026-09-22,3
SKU045,2026-09-23,3
SKU045,2026-09-24,3
SKU045,2026-09-25,3
SKU045,2026-09-26,3
SKU045,2026-09-27,3
SKU045,2026-09-28,3
SKU045,2026-09-29,3
SKU045,2026-09-30,3
SKU046,2026-04-04,3
SKU046,2026-04-05,3
SKU046,2026-04-06,3
SKU046,2026-04-07,3
SKU046,2026-04-08,3
SKU046,2026-04-09,3
SKU046,2026-04-10,3
SKU046,2026-04-11,3
SKU046,2026-04-12,3
SKU046,2026-04-13,3
SKU046,2026-04-14,3
SKU046,2026-04-15,3
SKU046,2026-04-16,3
SKU046,2026-04-17,3
SKU046,2026-04-18,3
SKU046,2026-04-19,3
SKU046,2026-04-20,3
SKU046,2026-04-21,3
SKU046,2026-04-22,3
SKU046,2026-04-23,3
SKU046,2026-04-24,3
SKU046,2026-04-25,3
SKU046,2026-04-26,3
SKU046,2026-04-27,3
SKU046,2026-04-28,3
SKU046,2026-04-29,3
SKU046,2026-04-30,3
SKU046,2026-05-01,3
SKU046,2026-05-02,3
SKU046,2026-05-03,3
SKU046,2026-05-04,3
SKU046,2026-05-05,3
SKU046,2026-05-06,3
SKU046,2026-05-07,3
SKU046,2026-05-08,3
SKU046,2026-05-09,3
SKU046,2026-05-10,3
SKU046,2026-05-11,3
SKU046,2026-05-12,3
SKU046,2026-05-13,3
SKU046,2026-05-14,3
SKU046,2026-05-15,3
SKU046,2026-05-16,3
SKU046,2026-05-17,3
SKU046,2026-05-18,3
SKU046,2026-05-19,3
SKU046,2026-05-20,3
SKU046,2026-05-21,3
SKU046,2026-05-22,3
SKU046,2026-05-23,3
SKU046,2026-05-24,3
SKU046,2026-05-25,3
SKU046,2026-05-26,3
SKU046,2026-05-27,3
SKU046,2026-05-28,3
SKU046,2026-05-29,3
SKU046,2026-05-30,3
SKU046,2026-05-31,3
SKU046,2026-06-01,3
SKU046,2026-06-02,3
SKU046,2026-06-03,3
SKU046,2026-06-04,3
SKU046,2026-06-05,3
SKU046,2026-06-06,3
SKU046,2026-06-07,3
SKU046,2026-06-08,3
SKU046,2026-06-09,3
SKU046,2026-06-10,3
SKU046,2026-06-11,3
SKU046,2026-06-12,3
SKU046,2026-06-13,3
SKU046,2026-06-14,3
SKU046,2026-06-15,3
SKU046,2026-06-16,3
SKU046,2026-06-17,3
SKU046,2026-06-18,3
SKU046,2026-06-19,3
SKU046,2026-06-20,3
SKU046,2026-06-21,3
SKU046,2026-06-22,3
SKU046,2026-06-23,3
SKU046,2026-06-24,3
SKU046,2026-06-25,3
SKU046,2026-06-26,3
SKU046,2026-06-27,3
SKU046,2026-06-28,3
SKU046,2026-06-29,3
SKU046,2026-06-30,3
SKU046,2026-07-01,3
SKU046,2026-07-02,3
SKU046,2026-07-03,3
SKU046,2026-07-04,3
SKU046,2026-07-05,3
SKU046,2026-07-06,3
SKU046,2026-07-07,3
SKU046,2026-07-08,3
SKU046,2026-07-09,3
SKU046,2026-07-10,3
SKU046,2026-07-11,3
SKU046,2026-07-12,3
SKU046,2026-07-13,3
SKU046,2026-07-14,3
SKU046,2026-07-15,3
SKU046,2026-07-16,3
SKU046,2026-07-17,3
SKU046,2026-07-18,3
SKU046,2026-07-19,3
SKU046,2026-07-20,3
SKU046,2026-07-21,3
SKU046,2026-07-22,3
SKU046,2026-07-23,3
SKU046,2026-07-24,3
SKU046,2026-07-25,3
SKU046,2026-07-26,3
SKU046,2026-07-27,3
SKU046,2026-07-28,3
SKU046,2026-07-29,3
SKU046,2026-07-30,3
SKU046,2026-07-31,3
SKU046,2026-08-01,3
SKU046,2026-08-02,3
SKU046,2026-08-03,3
SKU046,2026-08-04,3
SKU046,2026-08-05,3
SKU046,2026-08-06,3
SKU046,2026-08-07,3
SKU046,2026-08-08,3
SKU046,2026-08-09,3
SKU046,2026-08-10,3
SKU046,2026-08-11,3
SKU046,2026-08-12,3
SKU046,2026-08-13,3
SKU046,2026-08-14,3
SKU046,2026-08-15,3
SKU046,2026-08-16,3
SKU046,2026-08-17,3
SKU046,2026-08-18,3
SKU046,2026-08-19,3
SKU046,2026-08-20,3
SKU046,2026-08-21,3
SKU046,2026-08-22,3
SKU046,2026-08-23,3
SKU046,2026-08-24,3
SKU046,2026-08-25,3
SKU046,2026-08-26,3
SKU046,2026-08-27,3
SKU046,2026-08-28,3
SKU046,2026-08-29,3
SKU046,2026-08-30,3
SKU046,2026-08-31,3
SKU046,2026-09-01,3
SKU046,2026-09-02,3
SKU046,2026-09-03,3
SKU046,2026-09-04,3
SKU046,2026-09-05,3
SKU046,2026-09-06,3
SKU046,2026-09-07,3
SKU046,2026-09-08,3
SKU046,2026-09-09,3
SKU046,2026-09-10,3
SKU046,2026-09-11,3
SKU046,2026-09-12,3
SKU046,2026-09-13,3
SKU046,2026-09-14,3
SKU046,2026-09-15,3
SKU046,2026-09-16,3
SKU046,2026-09-17,3
SKU046,2026-09-18,3
SKU046,2026-09-19,3
SKU046,2026-09-20,3
SKU046,2026-09-21,3
SKU046,2026-09-22,3
SKU046,2026-09-23,3
SKU046,2026-09-24,3
SKU046,2026-09-25,3
SKU046,2026-09-26,3
SKU046,2026-09-27,3
SKU046,2026-09-28,3
SKU046,2026-09-29,3
SKU046,2026-09-30,3
SKU047,2026-04-05,1
SKU047,2026-04-07,2
SKU047,2026-04-10,1
SKU047,2026-04-11,1
SKU047,2026-04-12,1
SKU047,2026-04-13,1
SKU047,2026-04-14,1
SKU047,2026-04-15,2
SKU047,2026-04-16,1
SKU047,2026-04-18,1
SKU047,2026-04-19,1
SKU047,2026-04-21,1
SKU047,2026-04-26,2
SKU047,2026-05-01,1
SKU047,2026-05-02,1
SKU047,2026-05-04,1
SKU047,2026-05-05,1
SKU047,2026-05-07,1
SKU047,2026-05-08,1
SKU047,2026-05-10,1
SKU047,2026-05-11,2
SKU047,2026-05-12,1
SKU047,2026-05-13,1
SKU047,2026-05-16,1
SKU047,2026-05-25,2
SKU047,2026-05-26,1
SKU047,2026-05-28,2
SKU047,2026-05-30,1
SKU047,2026-05-31,1
SKU047,2026-06-01,1
SKU047,2026-06-02,1
SKU047,2026-06-03,1
SKU047,2026-06-06,1
SKU047,2026-06-08,1
SKU047,2026-06-11,1
SKU047,2026-06-12,1
SKU047,2026-06-13,1
SKU047,2026-06-15,1
SKU047,2026-06-18,1
SKU047,2026-06-21,1
SKU048,2026-04-04,1
SKU048,2026-04-08,1
SKU048,2026-04-10,1
SKU048,2026-04-11,1
SKU048,2026-04-12,1
SKU048,2026-04-13,1
SKU048,2026-04-19,1
SKU048,2026-04-20,1
SKU048,2026-04-25,1
SKU048,2026-04-26,2
SKU048,2026-04-27,1
SKU048,2026-05-01,1
SKU048,2026-05-02,1
SKU048,2026-05-04,1
SKU048,2026-05-08,1
SKU048,2026-05-11,1
SKU048,2026-05-12,1
SKU048,2026-05-13,1
SKU049,2026-04-04,3
SKU049,2026-04-05,3
SKU049,2026-04-06,3
SKU049,2026-04-07,3
SKU049,2026-04-08,3
SKU049,2026-04-09,3
SKU049,2026-04-10,3
SKU049,2026-04-11,3
SKU049,2026-04-12,3
SKU049,2026-04-13,3
SKU049,2026-04-14,3
SKU049,2026-04-15,3
SKU049,2026-04-16,3
SKU049,2026-04-17,3
SKU049,2026-04-18,3
SKU049,2026-04-19,3
SKU049,2026-04-20,3
SKU049,2026-04-21,3
SKU049,2026-04-22,3
SKU049,2026-04-23,3
SKU049,2026-04-24,3
SKU049,2026-04-25,3
SKU049,2026-04-26,3
SKU049,2026-04-27,3
SKU049,2026-04-28,3
SKU049,2026-04-29,3
SKU049,2026-04-30,3
SKU049,2026-05-01,3
SKU049,2026-05-02,3
SKU049,2026-05-03,3
SKU049,2026-05-04,3
SKU049,2026-05-05,3
SKU049,2026-05-06,3
SKU049,2026-05-07,3
SKU049,2026-05-08,3
SKU049,2026-05-09,3
SKU049,2026-05-10,3
SKU049,2026-05-11,3
SKU049,2026-05-12,3
SKU049,2026-05-13,3
SKU049,2026-05-14,3
SKU049,2026-05-15,3
SKU049,2026-05-16,3
SKU049,2026-05-17,3
SKU049,2026-05-18,3
SKU049,2026-05-19,3
SKU049,2026-05-20,3
SKU049,2026-05-21,3
SKU049,2026-05-22,3
SKU049,2026-05-23,3
SKU049,2026-05-24,3
SKU049,2026-05-25,3
SKU049,2026-05-26,3
SKU049,2026-05-27,3
SKU049,2026-05-28,3
SKU049,2026-05-29,3
SKU049,2026-05-30,3
SKU049,2026-05-31,3
SKU049,2026-06-01,3
SKU049,2026-06-02,3
SKU049,2026-06-03,3
SKU049,2026-06-04,3
SKU049,2026-06-05,3
SKU049,2026-06-06,3
SKU049,2026-06-07,3
SKU049,2026-06-08,3
SKU049,2026-06-09,3
SKU049,2026-06-10,3
SKU049,2026-06-11,3
SKU049,2026-06-12,3
SKU049,2026-06-13,3
SKU049,2026-06-14,3
SKU049,2026-06-15,3
SKU049,2026-06-16,3
SKU049,2026-06-17,3
SKU049,2026-06-18,3
SKU049,2026-06-19,3
SKU049,2026-06-20,3
SKU049,2026-06-21,3
SKU049,2026-06-22,3
SKU049,2026-06-23,3
SKU049,2026-06-24,3
SKU049,2026-06-25,3
SKU049,2026-06-26,3
SKU049,2026-06-27,3
SKU049,2026-06-28,3
SKU049,2026-06-29,3
SKU049,2026-06-30,3
SKU049,2026-07-01,3
SKU049,2026-07-02,3
SKU049,2026-07-03,3
SKU049,2026-07-04,3
SKU049,2026-07-05,3
SKU049,2026-07-06,3
SKU049,2026-07-07,3
SKU049,2026-07-08,3
SKU049,2026-07-09,3
SKU049,2026-07-10,3
SKU049,2026-07-11,3
SKU049,2026-07-12,3
SKU049,2026-07-13,3
SKU049,2026-07-14,3
SKU049,2026-07-15,3
SKU049,2026-07-16,3
SKU049,2026-07-17,3
SKU049,2026-07-18,3
SKU049,2026-07-19,3
SKU049,2026-07-20,3
SKU049,2026-07-21,3
SKU049,2026-07-22,3
SKU049,2026-07-23,3
SKU049,2026-07-24,3
SKU049,2026-07-25,3
SKU049,2026-07-26,3
SKU049,2026-07-27,3
SKU049,2026-07-28,3
SKU049,2026-07-29,3
SKU049,2026-07-30,3
SKU049,2026-07-31,3
SKU049,2026-08-01,3
SKU049,2026-08-02,3
SKU049,2026-08-03,3
SKU049,2026-08-04,3
SKU049,2026-08-05,3
SKU049,2026-08-06,3
SKU049,2026-08-07,3
SKU049,2026-08-08,3
SKU049,2026-08-09,3
SKU049,2026-08-10,3
SKU049,2026-08-11,3
SKU049,2026-08-12,3
SKU049,2026-08-13,3
SKU049,2026-08-14,3
SKU049,2026-08-15,3
SKU049,2026-08-16,3
SKU049,2026-08-17,3
SKU049,2026-08-18,3
SKU049,2026-08-19,3
SKU049,2026-08-20,3
SKU049,2026-08-21,3
SKU049,2026-08-22,3
SKU049,2026-08-23,3
SKU049,2026-08-24,3
SKU049,2026-08-25,3
SKU049,2026-08-26,3
SKU049,2026-08-27,3
SKU049,2026-08-28,3
SKU049,2026-08-29,3
SKU049,2026-08-30,3
SKU049,2026-08-31,3
SKU049,2026-09-01,3
SKU049,2026-09-02,3
SKU049,2026-09-03,3
SKU049,2026-09-04,3
SKU049,2026-09-05,3
SKU049,2026-09-06,3
SKU049,2026-09-07,3
SKU049,2026-09-08,3
SKU049,2026-09-09,3
SKU049,2026-09-10,3
SKU049,2026-09-11,3
SKU049,2026-09-12,3
SKU049,2026-09-13,3
SKU049,2026-09-14,3
SKU049,2026-09-15,3
SKU049,2026-09-16,3
SKU049,2026-09-17,3
SKU049,2026-09-18,3
SKU049,2026-09-19,3
SKU049,2026-09-20,3
SKU049,2026-09-21,3
SKU049,2026-09-22,3
SKU049,2026-09-23,3
SKU049,2026-09-24,3
SKU049,2026-09-25,3
SKU049,2026-09-26,3
SKU049,2026-09-27,3
SKU049,2026-09-28,3
SKU049,2026-09-29,3
SKU049,2026-09-30,3
SKU050,2026-04-04,1
SKU050,2026-04-10,1
SKU050,2026-04-11,2
SKU050,2026-04-19,1
SKU050,2026-04-20,1
SKU050,2026-05-01,2
SKU050,2026-05-10,1
SKU050,2026-05-13,2
SKU050,2026-05-15,2
SKU050,2026-05-16,1
SKU050,2026-05-19,2
SKU050,2026-05-26,1
SKU050,2026-06-03,1
SKU050,2026-06-05,2
SKU050,2026-06-13,1
SKU050,2026-06-15,1
SKU050,2026-06-16,2
SKU050,2026-06-18,1
SKU050,2026-06-24,1
SKU050,2026-06-26,1
SKU050,2026-06-29,1
SKU050,2026-07-05,1
SKU050,2026-07-09,1
SKU050,2026-07-11,2
SKU050,2026-07-18,1
SKU050,2026-07-20,1
